fips,state_name,state_abbrev,orders_rank_aug19,orders_rank_sep19,orders_rank_oct19,orders_rank_nov19,orders_rank_dec19,orders_rank_jan20,orders_rank_feb20,orders_rank_mar20,orders_rank_apr20,orders_rank_may20,orders_rank_jun20,orders_rank_jul20,orders_rank_aug20,orders_rank_sep20,orders_rank_oct20,orders_rank_nov20,orders_rank_dec20,orders_rank_jan21,orders_rank_feb21,orders_rank_mar21,orders_rank_apr21,orders_rank_may21,orders_rank_jun21,orders_rank_jul21,orders_rank_aug21,orders_rank_sep21,orders_rank_oct21,orders_rank_nov21,orders_rank_dec21,orders_rank_jan22,orders_rank_feb22,orders_rank_mar22,orders_rank_apr22,orders_rank_may22,orders_rank_jun22,orders_rank_jul22,orders_rank_aug22,orders_rank_sep22,orders_rank_oct22,orders_rank_nov22,orders_rank_dec22,orders_rank_jan23,orders_rank_feb23,orders_rank_mar23,orders_rank_apr23,orders_rank_may23,orders_rank_jun23,orders_rank_jul23,orders_rank_aug23,orders_rank_sep23,merchants_rank_aug19,merchants_rank_sep19,merchants_rank_oct19,merchants_rank_nov19,merchants_rank_dec19,merchants_rank_jan20,merchants_rank_feb20,merchants_rank_mar20,merchants_rank_apr20,merchants_rank_may20,merchants_rank_jun20,merchants_rank_jul20,merchants_rank_aug20,merchants_rank_sep20,merchants_rank_oct20,merchants_rank_nov20,merchants_rank_dec20,merchants_rank_jan21,merchants_rank_feb21,merchants_rank_mar21,merchants_rank_apr21,merchants_rank_may21,merchants_rank_jun21,merchants_rank_jul21,merchants_rank_aug21,merchants_rank_sep21,merchants_rank_oct21,merchants_rank_nov21,merchants_rank_dec21,merchants_rank_jan22,merchants_rank_feb22,merchants_rank_mar22,merchants_rank_apr22,merchants_rank_may22,merchants_rank_jun22,merchants_rank_jul22,merchants_rank_aug22,merchants_rank_sep22,merchants_rank_oct22,merchants_rank_nov22,merchants_rank_dec22,merchants_rank_jan23,merchants_rank_feb23,merchants_rank_mar23,merchants_rank_apr23,merchants_rank_may23,merchants_rank_jun23,merchants_rank_jul23,merchants_rank_aug23,merchants_rank_sep23,gmv_rank_aug19,gmv_rank_sep19,gmv_rank_oct19,gmv_rank_nov19,gmv_rank_dec19,gmv_rank_jan20,gmv_rank_feb20,gmv_rank_mar20,gmv_rank_apr20,gmv_rank_may20,gmv_rank_jun20,gmv_rank_jul20,gmv_rank_aug20,gmv_rank_sep20,gmv_rank_oct20,gmv_rank_nov20,gmv_rank_dec20,gmv_rank_jan21,gmv_rank_feb21,gmv_rank_mar21,gmv_rank_apr21,gmv_rank_may21,gmv_rank_jun21,gmv_rank_jul21,gmv_rank_aug21,gmv_rank_sep21,gmv_rank_oct21,gmv_rank_nov21,gmv_rank_dec21,gmv_rank_jan22,gmv_rank_feb22,gmv_rank_mar22,gmv_rank_apr22,gmv_rank_may22,gmv_rank_jun22,gmv_rank_jul22,gmv_rank_aug22,gmv_rank_sep22,gmv_rank_oct22,gmv_rank_nov22,gmv_rank_dec22,gmv_rank_jan23,gmv_rank_feb23,gmv_rank_mar23,gmv_rank_apr23,gmv_rank_may23,gmv_rank_jun23,gmv_rank_jul23,gmv_rank_aug23,gmv_rank_sep23,top3industries_aug19,top3industries_sep19,top3industries_oct19,top3industries_nov19,top3industries_dec19,top3industries_jan20,top3industries_feb20,top3industries_mar20,top3industries_apr20,top3industries_may20,top3industries_jun20,top3industries_jul20,top3industries_aug20,top3industries_sep20,top3industries_oct20,top3industries_nov20,top3industries_dec20,top3industries_jan21,top3industries_feb21,top3industries_mar21,top3industries_apr21,top3industries_may21,top3industries_jun21,top3industries_jul21,top3industries_aug21,top3industries_sep21,top3industries_oct21,top3industries_nov21,top3industries_dec21,top3industries_jan22,top3industries_feb22,top3industries_mar22,top3industries_apr22,top3industries_may22,top3industries_jun22,top3industries_jul22,top3industries_aug22,top3industries_sep22,top3industries_oct22,top3industries_nov22,top3industries_dec22,top3industries_jan23,top3industries_feb23,top3industries_mar23,top3industries_apr23,top3industries_may23,top3industries_jun23,top3industries_jul23,top3industries_aug23,top3industries_sep23
1,Alabama,AL,17,24,23,31,27,34,21,19,16,15,16,26,30,26,26,39,39,35,31,28,31,29,29,24,30,20,27,26,27,25,23,17,19,20,30,26,32,37,40,33,41,15,17,25,28,25,23,28,40,35,35,35,36,43,33,31,30,34,35,31,27,24,30,25,25,27,26,27,30,30,32,29,28,28,29,29,29,29,29,28,26,22,24,28,25,25,26,29,31,28,30,30,30,31,31,30,32,36,33,28,41,38,37,40,39,43,36,39,39,36,29,34,43,40,40,46,47,45,37,37,37,42,41,41,46,41,38,38,41,40,33,30,32,32,45,38,37,39,43,34,45,20,20,26,32,27,13,36,42,41,"fashion, health_med, profsvcs","fashion, health_med, beauty","fashion, health_med, profsvcs","fashion, health_med, profsvcs","fashion, health_med, profsvcs","fashion, profsvcs, health_med","fashion, health_med, profsvcs","profsvcs, fashion, health_med","health_med, profsvcs, fashion","fashion, health_med, beauty","fashion, beauty, health_med","fashion, beauty, health_med","beauty, fashion, profsvcs","fashion, beauty, profsvcs","beauty, fashion, retail","beauty, fashion, profsvcs","beauty, fashion, profsvcs","beauty, fashion, retail","fashion, beauty, retail","fashion, beauty, retail","beauty, fashion, retail","beauty, retail, fashion","fashion, beauty, retail","fashion, beauty, retail","fashion, beauty, retail","fashion, beauty, retail","fashion, beauty, retail","fashion, beauty, retail","fashion, beauty, retail","fashion, beauty, retail","fashion, beauty, retail","fashion, beauty, retail","fashion, beauty, retail","fashion, beauty, sports","beauty, fashion, agriculture","beauty, fashion, retail","fashion, beauty, retail","fashion, beauty, retail","fashion, beauty, retail","beauty, fashion, sports","beauty, retail, fashion","sports, beauty, fashion","sports, beauty, retail","sports, beauty, retail","sports, beauty, retail","sports, beauty, retail","charity_or_pol, sports, beauty","sports, retail, beauty","sports, beauty, retail","sports, beauty, retail"
2,Alaska,AK,34,44,47,51,48,49,51,48,45,47,46,41,49,48,48,27,18,42,48,51,51,50,50,50,48,47,46,39,47,51,51,48,46,47,48,46,48,32,22,13,33,44,47,40,47,36,32,27,44,41,29,38,26,29,27,42,24,22,30,41,38,40,38,48,48,39,32,46,40,39,48,47,43,44,44,44,47,38,47,40,47,29,43,29,29,27,43,23,27,37,31,28,26,29,29,31,16,20,24,29,51,50,51,51,50,51,51,50,50,51,51,49,51,51,51,50,51,51,51,51,51,51,51,51,51,51,50,49,50,50,51,49,49,48,50,46,47,31,39,26,27,44,46,44,45,41,31,31,30,33,"retail, artdesign, fashion","retail, education, artdesign","retail, fashion, artdesign","fashion, retail, health_med","fashion, retail, beauty","retail, fashion, health_med","agriculture, fashion, artdesign","artdesign, fashion, agriculture","fashion, health_med, restaurant","auto, fashion, artdesign","fashion, transportation, auto","auto, fashion, transportation","fashion, auto, beauty","fashion, auto, beauty","fashion, auto, beauty","fashion, health_med, fooddrink","fashion, hobby, retail","fashion, retail, hobby","fashion, hobby, retail","fashion, hobby, auto","fashion, profsvcs, health_med","fashion, health_med, artdesign","fashion, profsvcs, health_med","fashion, artdesign, health_med","fashion, realestate, health_med","fashion, health_med, retail","fashion, retail, auto","fashion, retail, health_med","fashion, health_med, fooddrink","fashion, realestate, hobby","fashion, entertainment, health_med","retail, fashion, health_med","health_med, profsvcs, fashion","health_med, fashion, entertainment","health_med, fashion, travel","health_med, fashion, retail","health_med, fashion, artdesign","fashion, health_med, retail","health_med, fashion, retail","fashion, health_med, retail","fashion, retail, health_med","fashion, health_med, retail","retail, fashion, profsvcs","health_med, retail, fashion","retail, fashion, health_med","retail, health_med, fashion","retail, health_med, fashion","retail, fashion, health_med","health_med, fashion, retail","fashion, retail, health_med"
4,Arizona,AZ,4,3,3,3,4,4,4,5,12,5,6,6,5,4,4,7,6,5,5,7,8,8,7,5,4,6,5,3,3,5,6,4,4,3,4,3,4,6,5,3,4,4,3,4,3,5,6,7,7,6,2,2,2,2,2,2,2,2,2,3,3,3,3,4,4,4,4,3,5,4,3,4,4,3,2,4,2,2,2,2,3,3,2,2,2,2,2,2,2,2,2,2,2,2,2,2,2,2,2,2,7,7,8,9,12,12,10,12,15,17,15,15,12,12,12,22,22,19,19,19,22,25,3,19,5,8,3,2,17,18,1,10,11,12,14,12,10,1,5,3,11,7,1,10,4,9,8,9,8,10,"industrial, health_med, hobby","fashion, hobby, health_med","health_med, hobby, fashion","beauty, fashion, health_med","auto, health_med, fashion","health_med, auto, fashion","health_med, beauty, auto","auto, health_med, beauty","auto, pets, industrial","beauty, auto, health_med","beauty, auto, fashion","beauty, fashion, auto","beauty, industrial, pets","beauty, pets, auto","beauty, pets, auto","beauty, auto, pets","beauty, pets, auto","beauty, auto, pets","beauty, pets, health_med","beauty, auto, health_med","beauty, auto, pets","auto, beauty, health_med","auto, beauty, health_med","beauty, auto, health_med","beauty, health_med, pets","beauty, health_med, pets","beauty, health_med, auto","beauty, health_med, auto","health_med, beauty, fashion","health_med, beauty, pets","beauty, health_med, pets","beauty, health_med, pets","beauty, health_med, pets","beauty, health_med, pets","beauty, health_med, pets","beauty, health_med, pets","beauty, health_med, pets","beauty, health_med, pets","beauty, health_med, pets","beauty, software_it, health_med","beauty, health_med, pets","beauty, health_med, hobby","beauty, health_med, pets","beauty, health_med, software_it","beauty, health_med, pets","beauty, health_med, software_it","health_med, beauty, software_it","beauty, homesvcs, health_med","beauty, education, health_med","beauty, auto, health_med"
5,Arkansas,AR,35,48,44,33,12,29,43,41,17,33,24,18,27,25,25,23,20,21,32,20,26,27,39,37,34,30,20,17,29,24,32,38,29,34,38,30,39,36,33,25,40,31,46,47,44,46,47,47,47,42,44,39,44,36,38,38,42,41,43,40,46,39,40,39,39,48,48,45,48,48,46,45,46,45,45,46,46,47,48,47,48,43,42,42,48,48,49,48,47,48,46,47,49,48,50,48,46,49,48,47,29,6,33,4,1,5,5,31,29,31,18,25,24,25,25,20,26,26,25,31,34,33,38,30,32,35,33,15,28,23,32,31,30,34,32,26,27,36,30,20,9,9,43,42,38,37,40,37,37,35,"fashion, pets, hobby","software_it, sports, fashion","fashion, pets, music","software_it, education, music","software_it, music, retail","software_it, pets, hobby","software_it, pets, hobby","hobby, pets, retail","hobby, retail, outdoors","pets, retail, fashion","outdoors, fashion, retail","fashion, pets, outdoors","fashion, pets, retail","education, retail, homedecor","retail, homesvcs, fashion","homedecor, retail, education","fooddrink, retail, education","retail, pets, education","retail, homedecor, fooddrink","retail, homedecor, education","retail, homedecor, hobby","retail, homedecor, health_med","fooddrink, homedecor, retail","homedecor, education, retail","homedecor, retail, pets","homedecor, retail, hobby","retail, homedecor, hobby","homedecor, retail, education","homedecor, retail, pets","hobby, homedecor, retail","homedecor, retail, agriculture","homedecor, retail, fashion","homedecor, retail, fashion","homedecor, fashion, retail","fashion, homedecor, education","homedecor, fashion, agriculture","homedecor, fashion, retail","homedecor, fashion, retail","homedecor, fashion, agriculture","homedecor, fashion, retail","financial, agriculture, homedecor","financial, photography, education","retail, hobby, beauty","hobby, retail, agriculture","agriculture, hobby, retail","agriculture, hobby, homedecor","homedecor, hobby, agriculture","homedecor, hobby, pets","homedecor, fashion, agriculture","hobby, homedecor, agriculture"
6,California,CA,14,15,16,16,24,15,25,18,19,26,19,21,19,21,21,22,24,19,23,25,23,23,21,17,19,16,19,18,11,14,16,14,15,17,7,22,23,22,21,29,35,28,29,30,25,21,18,18,21,20,20,22,22,25,25,21,20,28,23,22,20,22,21,20,20,22,22,20,20,21,22,22,23,21,22,19,23,24,25,27,25,27,26,25,26,23,25,25,25,30,27,26,27,28,28,27,28,26,26,26,25,25,22,23,23,28,27,23,26,30,30,29,26,29,29,31,34,28,31,32,32,36,35,33,35,28,29,30,27,25,26,19,25,26,30,28,29,30,28,29,33,27,29,24,27,24,15,14,28,26,"fashion, beauty, health_med","auto, beauty, health_med","beauty, health_med, auto","profsvcs, beauty, auto","homesvcs, beauty, fashion","beauty, health_med, fashion","beauty, auto, health_med","health_med, fashion, auto","auto, fooddrink, fashion","auto, fooddrink, beauty","auto, beauty, sports","auto, beauty, retail","auto, beauty, health_med","auto, beauty, health_med","auto, beauty, health_med","auto, beauty, health_med","auto, health_med, beauty","auto, beauty, health_med","auto, beauty, health_med","auto, beauty, health_med","auto, beauty, health_med","auto, beauty, health_med","auto, beauty, health_med","auto, beauty, health_med","auto, beauty, health_med","auto, beauty, retail","auto, beauty, retail","auto, beauty, retail","auto, hobby, retail","auto, beauty, hobby","auto, beauty, hobby","auto, beauty, retail","auto, beauty, retail","auto, beauty, health_med","auto, beauty, fashion","auto, beauty, health_med","beauty, auto, health_med","beauty, auto, health_med","beauty, health_med, auto","beauty, auto, health_med","beauty, health_med, auto","fashion, health_med, beauty","fashion, beauty, health_med","beauty, fashion, health_med","beauty, fashion, health_med","beauty, health_med, fashion","beauty, health_med, auto","beauty, fashion, health_med","beauty, fashion, health_med","beauty, fashion, health_med"
8,Colorado,CO,13,11,14,12,17,9,10,15,22,17,14,7,16,20,20,25,28,14,18,19,19,15,14,23,33,25,23,19,17,19,19,22,21,21,28,24,22,21,16,16,19,17,21,17,20,19,15,17,19,19,10,13,13,14,13,11,11,12,11,13,19,18,17,18,18,16,18,18,17,17,18,16,14,16,14,16,16,16,13,12,14,12,12,12,13,10,9,10,10,11,10,11,13,11,11,10,10,10,8,11,16,16,18,15,21,13,14,13,8,19,17,23,21,21,21,25,23,20,14,24,11,28,34,37,39,32,27,25,6,5,21,20,17,24,33,23,25,27,15,17,19,17,13,18,15,16,11,21,12,11,"photography, health_med, retail","health_med, photography, retail","health_med, photography, restaurant","health_med, retail, photography","health_med, photography, hobby","health_med, hobby, photography","health_med, hobby, photography","hobby, health_med, fooddrink","hobby, health_med, retail","hobby, health_med, retail","hobby, health_med, beauty","health_med, hobby, beauty","health_med, hobby, beauty","health_med, retail, hobby","health_med, retail, beauty","health_med, retail, sports","retail, hobby, health_med","hobby, health_med, retail","hobby, health_med, retail","hobby, beauty, fitness_wellness","hobby, sports, fitness_wellness","hobby, health_med, beauty","hobby, fitness_wellness, health_med","sports, fitness_wellness, hobby","hobby, health_med, retail","retail, health_med, hobby","retail, hobby, sports","hobby, sports, health_med","fashion, hobby, retail","fashion, agriculture, hobby","fashion, health_med, sports","fashion, health_med, homesvcs","fashion, homesvcs, sports","fashion, health_med, homesvcs","health_med, sports, retail","sports, health_med, retail","sports, health_med, retail","sports, retail, health_med","charity_or_pol, sports, health_med","sports, retail, health_med","retail, health_med, sports","sports, health_med, retail","retail, sports, fashion","sports, health_med, retail","sports, health_med, homesvcs","sports, health_med, homesvcs","artdesign, health_med, sports","sports, health_med, beauty","artdesign, sports, health_med","sports, health_med, homesvcs"
9,Connecticut,CT,38,42,45,29,34,31,14,14,7,10,17,19,15,14,14,11,9,6,6,6,5,6,5,4,6,5,3,5,4,4,3,1,1,1,1,1,1,1,1,1,1,1,1,1,1,1,1,1,1,9,23,27,28,23,22,23,22,26,21,19,18,17,18,16,16,13,14,14,13,14,14,14,16,17,16,17,15,14,12,16,16,15,15,14,16,17,17,15,14,18,19,17,16,17,16,17,17,16,18,19,22,17,28,28,30,29,25,35,22,24,23,24,19,17,17,18,19,21,18,20,18,13,10,10,13,11,8,6,8,10,7,11,8,7,9,7,4,7,9,8,7,4,6,5,7,7,10,10,14,17,"personalsvcs, construction, health_med","personalsvcs, construction, health_med","construction, beauty, software_it","construction, software_it, beauty","health_med, beauty, construction","construction, beauty, health_med","fashion, beauty, health_med","health_med, construction, beauty","fashion, fooddrink, agriculture","fashion, fooddrink, homesvcs","beauty, fashion, fitness_wellness","fashion, beauty, fitness_wellness","fashion, beauty, fitness_wellness","fashion, beauty, health_med","fashion, construction, beauty","fashion, construction, beauty","fashion, health_med, beauty","fashion, beauty, fooddrink","fashion, health_med, beauty","fashion, health_med, beauty","fashion, retail, health_med","fashion, retail, beauty","fashion, retail, health_med","fashion, retail, fooddrink","fashion, retail, health_med","fashion, retail, fooddrink","fashion, retail, fooddrink","fashion, retail, fooddrink","fashion, retail, fooddrink","fashion, fooddrink, retail","fashion, fooddrink, retail","fashion, fooddrink, retail","fashion, retail, fooddrink","fashion, retail, fooddrink","fashion, retail, fooddrink","fashion, retail, fooddrink","fashion, retail, fooddrink","fashion, retail, fooddrink","fashion, retail, fooddrink","fashion, retail, fooddrink","fashion, retail, fooddrink","fashion, retail, fooddrink","fashion, retail, fooddrink","fashion, retail, sports","fashion, retail, fooddrink","fashion, retail, health_med","fashion, retail, beauty","fashion, retail, beauty","fashion, retail, beauty","fashion, retail, education"
10,Delaware,DE,26,27,32,24,33,35,36,39,25,25,7,10,7,12,12,16,22,17,17,16,24,26,25,33,24,19,18,20,25,26,33,20,38,39,23,40,8,3,3,4,3,3,4,3,2,2,3,4,5,5,8,7,8,15,14,13,12,11,10,9,9,9,10,8,8,9,10,10,9,8,8,9,8,9,8,9,9,10,9,9,9,8,8,7,8,9,10,9,8,9,9,10,11,9,9,5,8,9,10,12,20,30,39,37,44,40,32,46,49,46,16,26,25,27,27,36,42,39,40,28,31,35,36,28,36,33,39,43,48,31,46,44,44,47,31,48,35,32,26,32,32,26,34,20,25,25,25,18,20,18,"charity_or_pol, pets, industrial","personalsvcs, charity_or_pol, events","personalsvcs, industrial, performer","industrial, personalsvcs, performer","personalsvcs, industrial, pets","personalsvcs, industrial, fashion","industrial, personalsvcs, sports","industrial, consulting, fashion","auto, beauty, fashion","auto, consulting, fashion","sports, health_med, auto","health_med, sports, fashion","sports, health_med, fashion","sports, fashion, health_med","fashion, health_med, performer","fashion, industrial, health_med","fashion, health_med, consulting","fashion, health_med, auto","fashion, sports, health_med","industrial, fashion, health_med","industrial, fashion, health_med","industrial, fashion, sports","industrial, sports, fashion","sports, industrial, beauty","industrial, fashion, sports","industrial, fashion, beauty","industrial, fashion, beauty","fashion, beauty, health_med","fashion, beauty, auto","health_med, beauty, fashion","beauty, fashion, health_med","beauty, fashion, health_med","beauty, fashion, sports","beauty, health_med, consulting","retail, sports, beauty","sports, beauty, charity_or_pol","sports, charity_or_pol, beauty","health_med, charity_or_pol, auto","health_med, fashion, beauty","health_med, sports, fashion","health_med, sports, fashion","sports, health_med, events","health_med, beauty, sports","health_med, beauty, events","health_med, beauty, sports","beauty, health_med, sports","beauty, sports, health_med","sports, beauty, health_med","sports, beauty, fashion","beauty, sports, fashion"
12,Florida,FL,2,7,5,5,5,5,5,6,10,8,5,5,6,8,8,6,7,7,7,5,4,7,8,7,7,7,6,8,8,8,7,6,7,7,10,10,9,10,8,8,8,9,11,10,9,11,9,9,13,11,5,5,6,5,6,5,6,6,6,7,6,5,5,5,5,8,8,7,7,6,6,6,5,5,5,6,5,7,4,4,4,4,4,5,5,4,5,5,4,6,4,5,4,3,3,3,3,3,3,3,12,15,14,14,18,16,13,14,14,16,14,13,15,15,15,13,16,16,20,15,17,21,21,23,17,23,16,17,18,14,15,14,10,13,13,15,15,18,17,15,17,14,11,11,16,10,16,11,18,15,"fashion, health_med, beauty","health_med, fashion, beauty","health_med, sports, beauty","sports, health_med, retail","hobby, beauty, fashion","beauty, health_med, retail","beauty, health_med, retail","health_med, beauty, retail","fashion, auto, health_med","beauty, fashion, auto","fashion, beauty, health_med","health_med, beauty, retail","health_med, beauty, retail","health_med, beauty, auto","health_med, beauty, retail","health_med, beauty, software_it","health_med, software_it, beauty","health_med, software_it, beauty","health_med, beauty, software_it","beauty, auto, health_med","beauty, health_med, auto","beauty, health_med, auto","beauty, health_med, auto","beauty, health_med, fitness_wellness","health_med, beauty, fitness_wellness","health_med, beauty, auto","beauty, health_med, sports","beauty, health_med, retail","health_med, beauty, retail","health_med, beauty, auto","beauty, health_med, auto","beauty, health_med, auto","health_med, beauty, auto","beauty, health_med, auto","beauty, health_med, auto","beauty, health_med, auto","health_med, beauty, auto","beauty, health_med, auto","beauty, health_med, sports","beauty, health_med, auto","beauty, health_med, auto","health_med, beauty, retail","health_med, beauty, auto","health_med, beauty, auto","beauty, health_med, auto","marketing, beauty, health_med","beauty, health_med, auto","health_med, beauty, auto","health_med, beauty, auto","beauty, health_med, auto"
13,Georgia,GA,7,9,7,8,11,10,11,9,13,13,8,12,11,9,9,8,12,10,9,8,7,9,9,10,13,11,12,12,18,12,11,11,13,14,16,17,16,17,13,14,12,10,8,11,15,14,22,23,22,24,6,6,5,6,4,4,4,4,4,2,2,2,2,1,1,2,3,2,2,2,2,2,2,2,3,3,3,3,3,3,2,2,3,3,3,3,3,3,3,3,3,3,3,4,5,4,5,5,5,6,15,18,12,20,27,17,19,19,19,22,21,19,22,18,18,24,31,22,23,18,5,19,31,35,26,22,30,29,33,30,27,26,23,27,29,25,19,24,18,24,22,25,19,27,31,23,29,34,31,34,"fashion, beauty, consulting","fashion, beauty, retail","fashion, beauty, retail","beauty, fashion, retail","fashion, retail, beauty","retail, beauty, fashion","beauty, fashion, retail","beauty, fashion, homesvcs","homesvcs, beauty, health_med","beauty, homesvcs, health_med","beauty, homesvcs, health_med","beauty, health_med, fashion","beauty, health_med, homesvcs","beauty, health_med, fashion","beauty, health_med, fashion","beauty, photography, health_med","beauty, health_med, fashion","photography, beauty, health_med","beauty, health_med, fashion","beauty, homesvcs, health_med","photography, beauty, homesvcs","beauty, photography, homesvcs","beauty, health_med, homesvcs","beauty, health_med, homesvcs","photography, beauty, health_med","photography, beauty, health_med","beauty, health_med, homesvcs","beauty, photography, health_med","beauty, health_med, fashion","beauty, health_med, photography","beauty, photography, health_med","beauty, homesvcs, health_med","beauty, homesvcs, photography","beauty, homesvcs, health_med","beauty, health_med, homesvcs","beauty, health_med, fashion","beauty, health_med, photography","photography, beauty, health_med","beauty, personalsvcs, health_med","beauty, photography, fashion","photography, beauty, fashion","beauty, personalsvcs, photography","photography, personalsvcs, beauty","personalsvcs, beauty, health_med","beauty, homesvcs, health_med","photography, beauty, health_med","photography, health_med, beauty","health_med, beauty, personalsvcs","beauty, health_med, fashion","health_med, beauty, software_it"
15,Hawaii,HI,32,35,42,28,15,38,41,24,9,7,4,8,9,7,7,2,1,4,4,3,6,3,4,9,14,14,10,14,16,22,27,39,25,28,25,37,24,20,26,38,28,32,42,43,34,44,39,36,46,46,15,12,9,12,8,12,17,16,16,14,15,15,16,17,17,17,11,17,18,19,17,18,18,18,18,24,18,21,18,24,22,24,27,22,27,16,18,18,20,19,17,19,20,18,21,24,25,24,17,17,40,41,40,38,24,41,47,38,20,12,13,16,11,6,6,8,11,11,15,21,24,18,24,15,23,19,18,19,16,29,30,18,28,21,11,30,26,15,19,23,20,23,33,32,26,33,35,42,38,24,"fashion, health_med, travel","fashion, health_med, restaurant","fashion, beauty, publicspace","fashion, fooddrink, beauty","fashion, music, health_med","health_med, fashion, agriculture","fashion, health_med, auto","fashion, health_med, agriculture","fashion, fooddrink, restaurant","fashion, retail, fooddrink","fashion, retail, fooddrink","fashion, retail, fooddrink","health_med, fashion, retail","fashion, health_med, retail","fashion, retail, personal","health_med, personal, fashion","health_med, personal, fashion","health_med, personal, fashion","health_med, fashion, personal","health_med, personal, fashion","health_med, fashion, personal","health_med, fashion, personal","health_med, retail, fashion","health_med, fashion, retail","health_med, fashion, media","health_med, fashion, retail","health_med, fashion, fooddrink","health_med, fashion, fooddrink","health_med, fooddrink, fashion","health_med, fashion, education","health_med, fashion, education","media, health_med, fashion","health_med, fashion, media","health_med, fashion, retail","health_med, media, retail","health_med, fashion, retail","health_med, fashion, beauty","media, health_med, fashion","health_med, media, fashion","health_med, software_it, fooddrink","health_med, retail, fooddrink","health_med, retail, profsvcs","health_med, retail, fashion","health_med, retail, fashion","health_med, retail, media","health_med, retail, media","retail, health_med, media","retail, health_med, fashion","retail, health_med, fashion","retail, health_med, fashion"
16,Idaho,ID,6,5,6,6,6,6,7,11,11,16,22,24,22,16,16,17,21,11,10,9,12,11,18,19,17,12,17,32,26,29,28,18,11,19,21,27,15,12,28,26,26,25,20,24,18,28,29,33,9,3,12,10,11,8,10,9,9,10,12,18,16,21,24,22,22,25,21,21,21,20,20,24,25,20,24,18,20,18,22,22,19,25,21,23,20,14,14,13,11,14,13,14,9,14,10,12,13,12,13,9,14,12,13,10,14,11,8,9,10,14,12,17,13,11,11,14,9,9,11,7,10,20,15,20,2,3,2,18,7,16,17,15,15,14,16,21,24,25,25,35,34,29,18,13,13,15,23,20,25,16,"realestate, hobby, fooddrink","realestate, hobby, fooddrink","hobby, realestate, sports","realestate, hobby, fooddrink","realestate, sports, artdesign","realestate, sports, fooddrink","realestate, fooddrink, sports","fooddrink, realestate, hobby","auto, sports, outdoors","auto, realestate, sports","realestate, auto, fooddrink","realestate, auto, fooddrink","realestate, auto, fooddrink","realestate, auto, fooddrink","realestate, fooddrink, auto","realestate, auto, fooddrink","realestate, auto, sports","realestate, fooddrink, sports","realestate, auto, fooddrink","auto, realestate, fooddrink","auto, realestate, fooddrink","auto, fooddrink, realestate","realestate, auto, fooddrink","auto, realestate, fooddrink","fooddrink, realestate, auto","auto, realestate, fooddrink","fooddrink, realestate, auto","auto, realestate, sports","realestate, auto, sports","realestate, auto, sports","auto, realestate, sports","auto, realestate, sports","auto, realestate, sports","auto, realestate, sports","auto, realestate, fitness_wellness","auto, realestate, outdoors","auto, realestate, outdoors","realestate, auto, outdoors","auto, retail, fitness_wellness","events, auto, retail","sports, auto, retail","auto, fitness_wellness, retail","auto, sports, industrial","fashion, auto, retail","fashion, outdoors, auto","outdoors, sports, auto","outdoors, auto, beauty","outdoors, auto, retail","outdoors, auto, retail","auto, retail, outdoors"
17,Illinois,IL,40,37,40,38,35,27,30,26,24,21,20,20,21,19,19,14,19,16,12,12,16,19,22,27,26,29,33,38,38,38,40,42,40,43,42,45,41,43,43,43,44,45,45,42,39,42,44,40,36,30,37,34,40,40,43,37,41,39,39,33,32,28,31,29,29,26,28,22,25,23,23,23,20,23,27,26,27,30,30,29,30,32,29,32,33,38,35,35,38,36,42,38,36,35,39,40,36,38,42,39,37,32,25,22,33,26,26,32,30,21,22,18,16,19,19,19,24,23,22,22,2,3,16,32,31,30,34,33,40,38,34,37,29,35,40,42,41,40,40,36,42,42,45,40,43,45,45,45,43,43,"fashion, hobby, health_med","hobby, health_med, fashion","beauty, hobby, software_it","beauty, hobby, fashion","beauty, fashion, hobby","beauty, fashion, hobby","beauty, fashion, hobby","beauty, retail, fashion","fashion, retail, fooddrink","fashion, hobby, retail","fashion, homesvcs, retail","fashion, consulting, homesvcs","hobby, homesvcs, health_med","homesvcs, hobby, beauty","hobby, fashion, homesvcs","fashion, hobby, beauty","fashion, retail, beauty","beauty, homesvcs, profsvcs","beauty, profsvcs, fashion","beauty, health_med, fashion","health_med, beauty, fashion","health_med, beauty, hobby","education, beauty, health_med","beauty, health_med, fashion","beauty, fashion, profsvcs","beauty, fashion, health_med","beauty, fashion, profsvcs","beauty, fashion, profsvcs","beauty, fashion, health_med","beauty, fashion, retail","beauty, fashion, health_med","beauty, fashion, health_med","beauty, education, fashion","beauty, health_med, fashion","beauty, pets, fashion","beauty, health_med, hobby","beauty, fashion, retail","beauty, fashion, health_med","beauty, retail, homesvcs","beauty, auto, fashion","beauty, fashion, auto","beauty, industrial, auto","beauty, retail, health_med","music, beauty, retail","beauty, retail, auto","beauty, retail, auto","beauty, health_med, auto","beauty, health_med, retail","beauty, retail, health_med","beauty, health_med, retail"
18,Indiana,IN,45,38,28,44,40,28,13,40,37,34,38,35,23,28,28,31,35,30,33,30,32,32,31,29,29,32,30,21,22,16,15,19,22,23,22,23,19,14,18,20,15,6,6,6,10,18,12,14,14,17,48,47,46,47,45,44,47,47,48,44,44,41,39,42,42,42,43,43,42,41,39,40,39,40,43,43,43,42,43,41,45,39,41,45,45,46,44,45,45,43,45,44,42,44,42,45,45,45,43,41,48,43,38,45,40,24,39,45,38,35,38,40,42,37,37,34,36,33,34,30,33,34,33,34,34,27,28,27,31,21,24,22,36,31,36,34,30,37,33,30,36,31,36,33,39,43,42,43,39,42,"fashion, homesvcs, auto","fashion, auto, homesvcs","fashion, auto, beauty","fashion, beauty, industrial","beauty, fashion, auto","personal, auto, beauty","beauty, industrial, homesvcs","beauty, auto, industrial","beauty, auto, retail","fashion, beauty, industrial","beauty, fashion, homesvcs","beauty, fashion, auto","beauty, auto, homesvcs","beauty, fashion, auto","beauty, homesvcs, fashion","beauty, homesvcs, fooddrink","beauty, homesvcs, industrial","beauty, homesvcs, industrial","beauty, homesvcs, industrial","beauty, industrial, homesvcs","beauty, industrial, construction","beauty, industrial, construction","beauty, industrial, construction","beauty, construction, homesvcs","beauty, construction, homesvcs","beauty, construction, homesvcs","construction, beauty, retail","beauty, industrial, construction","beauty, construction, retail","travel, construction, retail","construction, beauty, industrial","construction, beauty, industrial","industrial, auto, beauty","industrial, education, beauty","industrial, education, beauty","industrial, auto, education","construction, auto, beauty","construction, fashion, beauty","construction, beauty, auto","construction, beauty, auto","construction, beauty, auto","construction, industrial, beauty","industrial, construction, beauty","construction, industrial, beauty","industrial, construction, beauty","industrial, beauty, construction","construction, beauty, education","beauty, construction, auto","construction, beauty, industrial","beauty, construction, fashion"
19,Iowa,IA,31,28,24,26,38,32,29,34,41,27,44,43,41,34,34,37,37,33,25,31,27,25,33,34,37,37,38,34,33,33,25,27,24,18,14,20,25,27,38,32,37,33,34,37,13,7,7,6,8,12,32,29,32,33,31,34,37,32,34,29,37,38,35,36,36,36,38,36,35,36,36,36,35,36,37,37,36,41,34,39,38,44,44,38,34,31,38,38,39,38,32,43,37,36,40,36,39,41,38,38,19,19,10,19,29,23,12,17,13,2,25,11,17,14,14,23,20,25,33,38,27,16,29,31,22,20,23,24,36,27,35,33,31,23,22,37,23,17,7,7,8,6,16,9,9,18,3,24,5,6,"health_med, fashion, beauty","fashion, retail, health_med","retail, fashion, sports","fitness_wellness, beauty, sports","fashion, fitness_wellness, hobby","fashion, education, consulting","retail, fashion, sports","fashion, artdesign, sports","fooddrink, fashion, restaurant","fooddrink, education, hobby","consulting, fooddrink, health_med","education, fashion, fitness_wellness","fashion, health_med, fooddrink","health_med, fashion, fooddrink","health_med, fashion, beauty","health_med, fashion, fitness_wellness","health_med, fashion, hobby","health_med, sports, fitness_wellness","education, health_med, fashion","health_med, fashion, sports","health_med, financial, fitness_wellness","health_med, fashion, agriculture","health_med, retail, fashion","health_med, retail, fashion","writing, health_med, fashion","health_med, retail, writing","health_med, photography, fashion","health_med, retail, fashion","fashion, health_med, homedecor","sports, artdesign, health_med","health_med, retail, education","sports, retail, health_med","marketing, retail, health_med","retail, music, fashion","retail, sports, health_med","retail, fashion, health_med","writing, beauty, sports","beauty, agriculture, health_med","beauty, health_med, industrial","beauty, education, fashion","beauty, sports, photography","beauty, sports, retail","beauty, photography, sports","beauty, sports, retail","beauty, retail, fashion","beauty, retail, education","health_med, beauty, retail","beauty, retail, pets","restaurant, beauty, health_med","beauty, financial, retail"
20,Kansas,KS,19,22,36,40,41,37,34,35,38,41,30,29,45,42,42,50,49,47,47,49,48,45,49,49,50,50,49,51,51,49,47,45,47,48,50,51,51,51,50,48,48,46,38,45,46,47,46,46,48,49,47,48,47,48,48,48,50,49,50,50,48,49,49,49,49,49,49,49,49,50,49,48,48,50,49,49,48,49,51,50,50,49,50,50,49,49,50,49,50,50,51,50,48,49,48,50,47,50,50,50,8,8,11,16,11,10,9,5,7,11,10,10,14,13,13,17,21,18,28,36,43,31,43,44,48,12,21,9,13,3,14,8,9,33,8,41,45,26,12,11,38,30,9,34,49,48,39,48,47,48,"fashion, restaurant, retail","fashion, beauty, retail","fashion, beauty, retail","fashion, retail, beauty","education, fashion, fitness_wellness","fashion, retail, guns","fashion, retail, beauty","retail, fashion, beauty","retail, agriculture, beauty","agriculture, health_med, fitness_wellness","health_med, agriculture, homedecor","health_med, agriculture, fashion","health_med, agriculture, homedecor","agriculture, health_med, homedecor","agriculture, health_med, homedecor","agriculture, health_med, fashion","agriculture, auto, charity_or_pol","agriculture, health_med, auto","agriculture, restaurant, health_med","agriculture, restaurant, health_med","agriculture, charity_or_pol, restaurant","charity_or_pol, education, agriculture","agriculture, fashion, health_med","agriculture, fashion, profsvcs","agriculture, fashion, homesvcs","fashion, agriculture, homesvcs","fashion, agriculture, profsvcs","fashion, agriculture, retail","fashion, agriculture, auto","fashion, agriculture, homesvcs","fashion, agriculture, homesvcs","fashion, agriculture, industrial","fashion, industrial, profsvcs","charity_or_pol, fashion, homedecor","fashion, charity_or_pol, industrial","fashion, homesvcs, industrial","fashion, industrial, profsvcs","fashion, profsvcs, agriculture","fashion, industrial, profsvcs","fashion, industrial, homesvcs","fashion, homesvcs, industrial","fashion, profsvcs, personalsvcs","fashion, profsvcs, homesvcs","profsvcs, beauty, fashion","beauty, personalsvcs, sports","beauty, fashion, homesvcs","fashion, beauty, personalsvcs","beauty, personalsvcs, homesvcs","fashion, beauty, personalsvcs","beauty, restaurant, homesvcs"
21,Kentucky,KY,46,50,49,50,49,46,48,49,49,46,43,28,35,31,31,35,44,49,43,45,47,42,20,30,43,48,48,48,48,46,44,44,43,26,19,13,36,46,46,46,46,42,36,32,41,29,33,32,42,45,39,45,38,41,34,39,44,45,44,45,42,36,36,38,38,40,41,38,39,40,38,37,42,38,36,32,37,44,42,42,39,41,45,47,44,44,47,46,48,45,44,41,45,40,46,44,37,42,41,42,1,1,2,3,3,4,6,8,31,5,3,3,4,4,4,4,6,4,4,3,4,6,5,5,9,5,5,4,3,4,8,9,3,4,5,6,13,22,23,18,14,19,17,2,18,34,2,6,29,37,"software_it, fashion, beauty","software_it, fashion, retail","software_it, fashion, retail","software_it, fashion, retail","software_it, retail, fashion","software_it, fashion, homedecor","fashion, software_it, homesvcs","fashion, software_it, health_med","health_med, retail, fashion","retail, events, fashion","retail, fashion, auto","retail, fitness_wellness, health_med","retail, health_med, fashion","fashion, health_med, auto","retail, fashion, health_med","fashion, retail, construction","fitness_wellness, health_med, retail","media, fashion, retail","financial, fashion, retail","fashion, health_med, retail","fashion, retail, travel","retail, financial, fashion","retail, fashion, consulting","retail, hobby, beauty","retail, hobby, fashion","health_med, fashion, homesvcs","beauty, fashion, homesvcs","fashion, business, hobby","fashion, hobby, health_med","fashion, hobby, retail","fashion, hobby, outdoors","health_med, hobby, fashion","fashion, health_med, hobby","fashion, health_med, retail","health_med, retail, fashion","retail, health_med, hobby","hobby, health_med, retail","hobby, fashion, retail","fashion, hobby, fooddrink","fashion, fooddrink, sports","fashion, fooddrink, software_it","fashion, fooddrink, health_med","fashion, health_med, retail","health_med, fashion, retail","industrial, fashion, artdesign","retail, fashion, fooddrink","retail, events, restaurant","events, retail, artdesign","artdesign, retail, fashion","fashion, retail, health_med"
22,Louisiana,LA,16,19,18,15,23,26,19,27,34,18,18,9,20,15,15,12,13,8,8,11,9,10,12,8,5,24,22,15,12,21,13,13,18,15,15,19,30,25,24,18,18,23,26,27,31,35,25,31,35,37,17,21,23,21,20,19,19,18,18,16,12,11,11,11,11,12,12,11,14,13,11,11,12,12,13,14,14,12,16,13,13,18,16,16,17,19,21,22,23,21,20,21,21,27,26,29,30,25,28,25,24,22,30,29,31,34,33,30,43,28,24,14,18,16,16,26,32,24,21,16,19,9,7,6,14,36,32,32,14,35,18,21,24,28,10,10,33,21,10,42,30,36,24,36,23,38,37,33,34,40,"fashion, auto, fooddrink","fashion, beauty, fooddrink","fashion, beauty, hobby","fashion, beauty, fitness_wellness","fashion, beauty, fitness_wellness","fashion, beauty, retail","fashion, beauty, retail","fashion, beauty, retail","fashion, hobby, fitness_wellness","fashion, beauty, fitness_wellness","fashion, beauty, fitness_wellness","fashion, beauty, fitness_wellness","fashion, beauty, health_med","fashion, beauty, retail","fashion, beauty, industrial","retail, fashion, industrial","fashion, industrial, beauty","fashion, beauty, industrial","industrial, beauty, fashion","fashion, beauty, industrial","beauty, industrial, fashion","industrial, fitness_wellness, beauty","industrial, beauty, fashion","media, beauty, fashion","industrial, fashion, beauty","beauty, fashion, industrial","beauty, auto, fashion","fashion, industrial, beauty","industrial, fashion, beauty","beauty, fashion, industrial","industrial, beauty, fashion","industrial, auto, beauty","beauty, industrial, auto","auto, beauty, fashion","restaurant, media, beauty","restaurant, auto, retail","restaurant, fashion, media","restaurant, fashion, beauty","restaurant, beauty, fashion","fashion, beauty, charity_or_pol","fashion, retail, beauty","retail, industrial, fashion","industrial, fashion, beauty","industrial, fashion, auto","retail, beauty, industrial","industrial, beauty, fashion","media, beauty, industrial","fashion, beauty, media","fashion, beauty, industrial","photography, fashion, beauty"
23,Maine,ME,3,2,2,1,1,1,3,3,3,1,2,2,1,1,1,1,2,1,1,2,2,1,1,1,1,2,1,1,2,2,2,3,2,2,3,4,5,5,7,6,6,5,5,5,5,3,2,2,2,1,1,1,1,1,1,1,1,1,1,1,1,1,1,2,2,1,1,1,1,1,1,1,1,1,1,1,1,1,1,1,1,1,1,1,1,1,1,1,1,1,1,1,1,1,1,1,1,1,1,1,6,3,3,1,2,2,3,3,1,1,1,1,2,2,2,3,4,2,2,1,1,2,2,2,4,4,4,3,2,2,2,4,4,3,4,4,3,4,6,5,4,3,4,4,2,6,5,3,3,1,"fooddrink, auto, retail","fooddrink, retail, sports","sports, fooddrink, auto","fooddrink, fitness_wellness, auto","fooddrink, auto, beauty","fooddrink, auto, retail","education, fooddrink, beauty","fooddrink, auto, pets","fashion, fooddrink, retail","fashion, fooddrink, auto","fashion, fooddrink, auto","fashion, auto, fooddrink","fashion, auto, beauty","fashion, auto, beauty","auto, fashion, beauty","beauty, auto, fashion","fashion, auto, retail","auto, retail, beauty","hobby, retail, auto","hobby, auto, retail","hobby, retail, auto","hobby, retail, auto","hobby, auto, retail","hobby, auto, retail","hobby, auto, consulting","hobby, auto, retail","hobby, auto, retail","hobby, auto, retail","hobby, auto, beauty","hobby, marketing, retail","hobby, marketing, health_med","hobby, health_med, retail","hobby, retail, health_med","hobby, health_med, beauty","hobby, health_med, beauty","hobby, health_med, beauty","hobby, health_med, beauty","hobby, health_med, beauty","hobby, health_med, beauty","hobby, health_med, beauty","hobby, health_med, fashion","hobby, health_med, fashion","hobby, health_med, beauty","hobby, health_med, retail","hobby, health_med, fashion","hobby, health_med, beauty","hobby, health_med, beauty","hobby, health_med, fashion","health_med, hobby, fashion","health_med, hobby, fashion"
24,Maryland,MD,23,16,20,17,20,14,16,25,26,20,11,15,10,6,6,18,15,18,13,10,11,14,16,12,12,15,13,13,13,18,17,16,17,16,11,7,2,8,9,9,9,13,13,14,11,10,10,11,6,18,9,9,10,10,9,7,8,9,9,8,7,4,6,7,7,6,6,5,4,5,5,5,6,7,7,7,8,8,6,6,6,6,7,9,9,8,8,8,9,8,8,7,8,8,8,7,9,8,9,8,36,36,32,21,36,21,28,29,36,43,31,33,28,28,28,32,37,37,29,23,26,29,26,26,30,26,25,31,30,28,29,27,27,29,26,20,21,29,22,21,23,22,21,21,29,29,32,29,23,29,"beauty, health_med, fashion","beauty, sports, health_med","beauty, sports, health_med","sports, beauty, health_med","beauty, fashion, health_med","beauty, charity_or_pol, health_med","beauty, financial, health_med","beauty, retail, health_med","beauty, fooddrink, health_med","beauty, fashion, restaurant","beauty, fashion, health_med","beauty, fashion, health_med","beauty, artdesign, fashion","beauty, artdesign, fashion","beauty, artdesign, sports","beauty, fashion, sports","beauty, fashion, artdesign","beauty, health_med, fashion","beauty, agriculture, fashion","beauty, health_med, fashion","beauty, health_med, software_it","beauty, software_it, health_med","beauty, software_it, health_med","beauty, software_it, health_med","beauty, health_med, sports","beauty, sports, health_med","beauty, sports, health_med","beauty, sports, fashion","beauty, fashion, health_med","beauty, health_med, entertainment","beauty, health_med, financial","beauty, health_med, entertainment","beauty, health_med, retail","beauty, health_med, retail","beauty, health_med, fashion","beauty, sports, health_med","beauty, sports, health_med","beauty, health_med, entertainment","beauty, health_med, sports","beauty, sports, retail","beauty, fashion, retail","beauty, fooddrink, health_med","beauty, health_med, fooddrink","beauty, health_med, homesvcs","beauty, health_med, fooddrink","beauty, fooddrink, health_med","beauty, health_med, fooddrink","beauty, fooddrink, health_med","beauty, fooddrink, sports","beauty, health_med, fooddrink"
25,Massachusetts,MA,22,26,17,19,28,22,26,20,20,22,21,22,17,18,18,24,25,23,22,32,25,18,23,22,22,17,16,22,23,28,26,31,28,24,32,35,35,34,31,31,31,30,33,33,40,33,36,41,39,39,27,30,29,28,29,29,28,29,27,27,23,26,27,27,27,23,24,33,23,27,28,28,33,24,26,28,26,27,28,32,32,35,34,35,32,33,29,31,30,25,29,32,32,33,30,28,29,31,32,34,2,9,6,5,7,6,15,10,3,4,4,5,5,3,3,5,10,10,13,8,14,12,12,14,15,16,11,11,11,11,13,16,12,11,19,16,16,13,16,10,18,10,10,7,3,4,6,7,7,4,"retail, health_med, fashion","fashion, health_med, retail","fashion, beauty, retail","retail, fashion, beauty","retail, fashion, fooddrink","retail, fashion, beauty","retail, fashion, beauty","fooddrink, retail, fashion","fashion, homesvcs, charity_or_pol","fashion, homesvcs, restaurant","fashion, events, retail","fashion, homesvcs, events","homedecor, fashion, education","education, homedecor, fashion","homedecor, fashion, events","homedecor, fashion, retail","homedecor, fashion, retail","fashion, homedecor, health_med","fashion, homesvcs, health_med","fashion, homedecor, health_med","fashion, health_med, homedecor","fashion, health_med, homesvcs","fashion, homedecor, health_med","fashion, health_med, homedecor","fashion, health_med, homedecor","fashion, health_med, homesvcs","fashion, health_med, hobby","fashion, health_med, hobby","fashion, health_med, retail","fashion, health_med, hobby","fashion, health_med, hobby","fashion, hobby, health_med","fashion, health_med, homesvcs","business, fashion, health_med","fashion, health_med, beauty","fashion, health_med, beauty","fashion, health_med, business","fashion, business, health_med","fashion, business, health_med","fashion, business, health_med","fashion, retail, health_med","fashion, auto, health_med","pets, fashion, business","pets, fashion, business","pets, auto, artdesign","pets, fashion, business","pets, business, fashion","pets, business, health_med","pets, fashion, health_med","pets, religion, health_med"
26,Michigan,MI,42,43,39,35,37,41,42,33,40,36,40,37,24,24,24,36,36,29,36,36,36,34,28,38,38,40,32,28,42,37,39,30,26,29,26,28,27,24,29,28,32,29,27,18,33,30,31,34,28,29,41,37,37,39,41,33,39,33,33,30,31,30,33,32,32,30,30,29,28,24,25,25,26,26,25,27,28,28,27,25,28,26,25,27,28,28,30,27,29,29,28,25,25,25,27,25,27,28,27,32,38,45,41,42,42,44,41,40,44,45,47,43,41,41,41,48,48,44,47,43,42,41,42,43,43,47,43,41,47,44,45,43,42,42,43,45,43,46,45,44,46,41,42,39,36,36,36,40,36,44,"fashion, auto, hobby","fashion, auto, hobby","auto, fashion, hobby","fashion, sports, hobby","fashion, sports, hobby","sports, fashion, hobby","hobby, fashion, sports","fashion, hobby, health_med","auto, retail, fashion","beauty, retail, auto","beauty, fashion, sports","beauty, fashion, sports","beauty, fashion, sports","beauty, fashion, health_med","beauty, fashion, health_med","beauty, fashion, retail","beauty, fashion, homedecor","beauty, fashion, health_med","beauty, fashion, health_med","beauty, auto, fashion","beauty, sports, auto","beauty, auto, health_med","beauty, auto, events","beauty, fashion, auto","beauty, hobby, fashion","beauty, auto, retail","beauty, restaurant, fashion","beauty, fashion, auto","beauty, fashion, retail","beauty, sports, fashion","beauty, auto, sports","beauty, sports, fashion","beauty, sports, fashion","beauty, sports, auto","beauty, sports, fashion","beauty, hobby, events","beauty, hobby, sports","beauty, fashion, auto","beauty, fashion, sports","beauty, fashion, health_med","beauty, fashion, retail","beauty, fashion, sports","beauty, sports, fashion","retail, beauty, fashion","beauty, sports, retail","beauty, auto, retail","beauty, auto, health_med","beauty, fashion, auto","hobby, beauty, fashion","beauty, fashion, auto"
27,Minnesota,MN,47,49,46,48,44,48,45,45,43,19,28,48,50,51,51,47,40,48,45,47,45,48,45,45,45,42,42,45,43,43,42,40,42,44,43,43,40,41,42,35,22,39,40,39,36,39,35,21,31,34,46,43,43,45,47,47,38,42,46,42,47,47,48,47,47,44,44,41,45,43,41,39,37,42,41,40,42,43,46,44,41,40,38,44,42,43,40,39,40,33,33,35,39,41,34,35,41,37,36,35,3,2,1,2,4,3,4,6,16,9,11,7,7,7,7,9,7,8,9,11,9,14,11,8,12,7,10,13,9,7,6,5,7,5,6,5,5,9,8,6,1,1,3,3,6,5,12,4,4,3,"homesvcs, retail, fashion","homesvcs, retail, restaurant","homesvcs, restaurant, fashion","homesvcs, restaurant, fashion","homesvcs, restaurant, retail","homesvcs, restaurant, retail","homesvcs, fashion, restaurant","homesvcs, retail, hobby","homesvcs, fashion, artdesign","homesvcs, restaurant, construction","homesvcs, restaurant, construction","homesvcs, restaurant, fashion","homesvcs, education, restaurant","artdesign, homesvcs, restaurant","homesvcs, fashion, restaurant","homesvcs, fashion, restaurant","homesvcs, fashion, restaurant","homesvcs, education, fashion","education, homesvcs, artdesign","homesvcs, health_med, auto","homesvcs, health_med, fashion","homesvcs, artdesign, health_med","homesvcs, artdesign, health_med","homesvcs, health_med, fashion","artdesign, homesvcs, auto","retail, homesvcs, artdesign","artdesign, homesvcs, retail","retail, fashion, homesvcs","retail, homesvcs, fashion","retail, homesvcs, fashion","retail, homesvcs, fashion","retail, homesvcs, fashion","retail, fashion, homesvcs","retail, fashion, homesvcs","retail, homesvcs, fashion","retail, fashion, health_med","retail, auto, homesvcs","retail, health_med, artdesign","retail, homesvcs, health_med","retail, personalsvcs, health_med","retail, personalsvcs, health_med","retail, artdesign, health_med","retail, health_med, auto","retail, homesvcs, health_med","retail, health_med, auto","retail, software_it, health_med","retail, health_med, auto","retail, health_med, auto","retail, health_med, software_it","retail, health_med, auto"
28,Mississippi,MS,50,46,51,49,50,51,49,50,51,49,41,31,36,33,33,43,45,41,35,33,38,41,34,25,11,1,45,47,45,47,45,47,49,50,46,48,50,50,51,50,51,51,50,51,50,51,51,51,51,50,40,41,48,44,44,41,43,46,42,32,28,20,25,24,24,37,37,34,36,35,26,32,21,27,40,33,38,40,39,36,35,42,39,43,41,45,45,50,49,49,49,48,47,50,47,49,48,47,49,49,47,46,48,39,49,48,49,49,51,47,40,39,30,34,34,35,43,35,35,40,39,39,32,7,10,2,46,50,46,47,50,50,50,51,49,31,46,50,48,51,50,50,50,51,51,51,51,51,51,50,"retail, beauty, fashion","retail, beauty, fashion","retail, beauty, entertainment","retail, fooddrink, beauty","retail, beauty, fashion","retail, beauty, fashion","beauty, retail, fashion","beauty, fashion, retail","beauty, retail, fitness_wellness","education, beauty, fashion","education, beauty, health_med","education, health_med, beauty","health_med, beauty, fashion","beauty, health_med, fashion","health_med, beauty, fashion","beauty, health_med, fashion","beauty, health_med, fashion","beauty, health_med, fitness_wellness","beauty, health_med, fitness_wellness","beauty, education, health_med","beauty, education, health_med","education, beauty, fashion","beauty, health_med, education","beauty, health_med, fashion","health_med, beauty, fashion","health_med, beauty, fashion","health_med, beauty, fashion","health_med, beauty, fashion","health_med, beauty, artdesign","health_med, beauty, fashion","health_med, education, beauty","health_med, beauty, fashion","health_med, beauty, fashion","health_med, beauty, fashion","health_med, beauty, retail","health_med, beauty, charity_or_pol","health_med, beauty, retail","health_med, beauty, retail","health_med, beauty, artdesign","health_med, beauty, outdoors","health_med, beauty, artdesign","health_med, beauty, auto","health_med, beauty, hobby","health_med, beauty, hobby","health_med, beauty, hobby","health_med, beauty, auto","health_med, beauty, auto","health_med, beauty, retail","health_med, beauty, retail","health_med, beauty, retail"
29,Missouri,MO,28,23,26,21,16,21,27,22,30,38,39,38,42,39,39,38,31,32,40,35,33,36,36,20,23,28,34,37,36,32,38,35,32,27,34,31,28,16,20,19,14,18,16,12,23,43,34,45,38,33,33,31,33,31,28,27,25,24,25,25,25,27,29,30,30,33,35,31,32,32,30,33,34,32,34,36,31,33,32,30,33,33,31,34,36,37,33,30,34,31,36,33,35,30,33,33,31,29,30,27,23,23,23,24,22,25,29,25,32,29,32,31,34,33,33,29,28,36,27,39,36,38,39,39,38,42,20,35,39,39,40,39,37,39,41,35,28,38,34,33,26,12,23,22,21,26,22,32,27,21,"beauty, fashion, health_med","beauty, retail, health_med","beauty, fashion, health_med","beauty, health_med, fashion","beauty, health_med, fashion","beauty, health_med, fashion","beauty, health_med, fashion","beauty, health_med, hobby","fashion, sports, auto","fashion, sports, homesvcs","fashion, sports, homesvcs","sports, fashion, homesvcs","sports, fashion, homesvcs","fashion, sports, homesvcs","fashion, sports, homesvcs","fashion, sports, homesvcs","fashion, sports, photography","sports, fashion, beauty","fashion, sports, beauty","beauty, sports, fashion","beauty, fashion, sports","fashion, beauty, sports","sports, fashion, health_med","fashion, sports, beauty","fashion, hobby, sports","fashion, health_med, hobby","fashion, health_med, retail","fashion, retail, health_med","fashion, retail, health_med","health_med, fashion, retail","fashion, health_med, retail","health_med, retail, beauty","health_med, fashion, beauty","health_med, retail, homesvcs","health_med, fashion, retail","fashion, health_med, retail","health_med, agriculture, fashion","fashion, fooddrink, health_med","fashion, fooddrink, retail","fooddrink, agriculture, fashion","fooddrink, agriculture, fashion","agriculture, fashion, fooddrink","agriculture, fooddrink, fashion","agriculture, fooddrink, fashion","agriculture, fooddrink, fashion","agriculture, auto, fashion","agriculture, fashion, sports","agriculture, fashion, retail","agriculture, retail, fashion","agriculture, fashion, retail"
30,Montana,MT,8,10,10,18,9,13,18,16,29,40,42,34,38,46,46,34,14,34,27,40,35,35,27,21,27,45,41,42,28,31,29,28,31,32,29,15,14,29,27,23,23,20,25,28,26,38,27,25,25,44,11,17,18,13,12,10,29,17,20,23,24,25,23,26,26,19,19,30,29,33,34,30,30,33,19,31,19,19,19,19,24,16,20,21,15,22,16,16,17,15,12,16,12,12,12,15,12,13,11,10,18,29,29,41,26,37,45,36,40,44,41,41,36,47,47,37,29,34,46,47,40,37,23,22,21,40,42,46,37,32,37,36,35,30,15,11,7,23,21,14,10,11,12,16,19,28,17,17,10,31,"fooddrink, restaurant, health_med","fooddrink, fashion, fitness_wellness","fooddrink, fashion, fitness_wellness","fashion, fooddrink, retail","fooddrink, restaurant, retail","fooddrink, health_med, agriculture","fooddrink, health_med, homesvcs","fooddrink, health_med, realestate","fooddrink, agriculture, sports","sports, auto, realestate","fooddrink, health_med, realestate","restaurant, fooddrink, homesvcs","restaurant, fooddrink, transportation","health_med, transportation, restaurant","profsvcs, health_med, realestate","profsvcs, fooddrink, retail","profsvcs, restaurant, fooddrink","profsvcs, health_med, fooddrink","profsvcs, fooddrink, health_med","fooddrink, auto, realestate","auto, fooddrink, transportation","transportation, auto, fooddrink","transportation, fooddrink, auto","transportation, fooddrink, restaurant","transportation, fooddrink, restaurant","auto, transportation, fooddrink","auto, health_med, fooddrink","auto, fooddrink, retail","auto, restaurant, fooddrink","auto, health_med, fooddrink","auto, transportation, health_med","auto, transportation, fooddrink","auto, transportation, fooddrink","auto, transportation, fooddrink","transportation, auto, health_med","auto, transportation, fooddrink","auto, transportation, restaurant","auto, fooddrink, restaurant","auto, fitness_wellness, fooddrink","auto, fitness_wellness, restaurant","auto, fitness_wellness, restaurant","auto, fitness_wellness, agriculture","auto, fitness_wellness, transportation","auto, fitness_wellness, transportation","auto, fitness_wellness, transportation","auto, fitness_wellness, transportation","fitness_wellness, transportation, auto","transportation, fitness_wellness, auto","fitness_wellness, transportation, auto","auto, fitness_wellness, fooddrink"
31,Nebraska,NE,49,51,50,46,47,44,33,21,27,32,34,45,40,37,37,45,42,38,39,44,41,44,43,41,46,44,44,50,50,50,49,50,51,49,47,49,49,47,48,51,50,50,49,49,49,49,48,49,45,43,49,49,50,49,49,49,48,48,49,48,49,48,46,43,43,46,47,48,46,46,44,44,49,47,47,48,49,48,45,48,40,48,49,48,47,47,48,43,44,47,48,46,46,46,45,43,49,46,47,44,43,51,50,50,51,35,30,26,46,26,37,37,27,35,35,45,45,43,36,48,50,50,25,49,50,50,51,51,51,51,47,51,51,49,51,51,51,49,50,50,49,51,51,45,46,17,30,13,19,14,"fooddrink, fitness_wellness, education","retail, health_med, travel","profsvcs, health_med, education","hobby, health_med, fashion","health_med, hobby, profsvcs","profsvcs, beauty, health_med","profsvcs, health_med, fashion","profsvcs, guns, retail","fooddrink, restaurant, homesvcs","software_it, fooddrink, restaurant","fashion, agriculture, profsvcs","fashion, software_it, profsvcs","profsvcs, fashion, beauty","profsvcs, fashion, health_med","profsvcs, health_med, fashion","profsvcs, auto, health_med","profsvcs, fooddrink, health_med","profsvcs, agriculture, health_med","profsvcs, fitness_wellness, sports","profsvcs, health_med, sports","profsvcs, health_med, sports","profsvcs, agriculture, health_med","travel, profsvcs, sports","profsvcs, sports, health_med","profsvcs, sports, health_med","profsvcs, agriculture, sports","profsvcs, health_med, agriculture","homedecor, health_med, agriculture","realestate, health_med, hobby","health_med, agriculture, fashion","agriculture, health_med, hobby","health_med, beauty, agriculture","health_med, agriculture, beauty","fashion, health_med, agriculture","health_med, profsvcs, agriculture","fashion, health_med, agriculture","fashion, health_med, sports","fashion, health_med, hobby","agriculture, health_med, fashion","fashion, health_med, agriculture","fashion, health_med, agriculture","fashion, health_med, agriculture","health_med, fashion, hobby","fashion, beauty, health_med","fashion, beauty, auto","fashion, beauty, health_med","fashion, beauty, auto","fashion, beauty, auto","fashion, beauty, health_med","beauty, fashion, health_med"
32,Nevada,NV,10,8,8,7,7,7,8,4,4,6,3,1,3,5,5,10,11,13,11,13,10,5,6,6,9,8,8,10,10,7,9,9,10,13,13,9,11,13,12,11,10,11,10,9,6,8,4,5,4,4,4,4,4,4,5,6,5,5,7,5,4,7,7,6,6,7,7,6,8,7,7,8,7,6,6,5,7,4,5,5,5,5,6,6,7,6,7,4,6,5,5,6,5,6,7,9,7,7,7,7,13,14,15,18,20,14,16,11,17,18,19,22,20,23,23,27,33,29,24,26,28,22,30,24,28,25,24,23,22,15,9,6,13,16,12,8,11,12,13,13,13,13,7,6,5,8,7,8,6,8,"retail, health_med, construction","health_med, retail, construction","health_med, retail, auto","retail, health_med, construction","health_med, retail, construction","health_med, beauty, retail","health_med, retail, construction","health_med, retail, construction","restaurant, health_med, retail","health_med, restaurant, hobby","health_med, auto, beauty","beauty, health_med, charity_or_pol","health_med, beauty, auto","health_med, beauty, auto","health_med, beauty, fashion","health_med, beauty, retail","health_med, retail, beauty","health_med, beauty, hobby","health_med, beauty, hobby","health_med, beauty, retail","health_med, beauty, hobby","health_med, charity_or_pol, beauty","health_med, beauty, construction","financial, health_med, beauty","health_med, beauty, profsvcs","health_med, beauty, hobby","health_med, beauty, auto","health_med, beauty, auto","health_med, beauty, hobby","consulting, health_med, beauty","consulting, health_med, beauty","consulting, beauty, health_med","consulting, beauty, health_med","health_med, beauty, consulting","health_med, beauty, consulting","financial, beauty, charity_or_pol","consulting, health_med, beauty","consulting, health_med, beauty","consulting, health_med, beauty","consulting, health_med, beauty","health_med, beauty, consulting","consulting, health_med, beauty","consulting, performer, health_med","performer, health_med, consulting","health_med, performer, beauty","profsvcs, performer, health_med","events, performer, health_med","consulting, performer, health_med","financial, performer, consulting","performer, beauty, consulting"
33,New Hampshire,NH,5,4,4,4,3,3,2,2,6,4,13,4,4,3,3,5,4,3,3,4,3,4,3,3,3,4,2,4,7,6,5,7,6,6,6,6,10,11,11,12,17,12,12,13,16,13,13,13,18,21,3,3,3,3,3,3,3,3,3,4,5,8,4,3,3,3,2,4,3,3,4,3,3,4,4,2,4,6,7,7,8,7,9,8,6,5,6,7,7,7,7,8,7,7,6,6,4,4,6,4,10,13,7,8,10,8,1,2,6,15,20,12,9,5,5,15,15,12,12,17,20,24,28,18,20,15,13,16,19,13,10,29,26,18,24,3,6,11,11,9,12,8,8,12,20,13,14,16,17,12,"education, beauty, retail","education, beauty, retail","education, sports, beauty","beauty, sports, education","sports, beauty, hobby","education, sports, hobby","homesvcs, education, beauty","homesvcs, beauty, hobby","fooddrink, education, fashion","beauty, fashion, education","beauty, education, auto","beauty, education, fashion","fooddrink, beauty, fashion","fooddrink, beauty, education","beauty, fashion, sports","beauty, sports, fashion","sports, beauty, auto","sports, beauty, construction","sports, beauty, construction","beauty, education, health_med","beauty, education, health_med","education, retail, beauty","retail, auto, beauty","education, retail, beauty","fooddrink, retail, beauty","retail, beauty, fooddrink","sports, beauty, retail","sports, beauty, retail","sports, construction, retail","sports, construction, auto","sports, retail, health_med","health_med, artdesign, education","artdesign, education, retail","auto, beauty, artdesign","auto, retail, beauty","education, auto, health_med","auto, education, retail","auto, sports, artdesign","sports, auto, health_med","sports, auto, beauty","sports, auto, artdesign","education, sports, beauty","sports, auto, construction","artdesign, sports, construction","auto, artdesign, retail","auto, education, beauty","health_med, education, auto","health_med, auto, industrial","education, health_med, auto","industrial, health_med, sports"
34,New Jersey,NJ,29,21,25,23,29,19,6,12,15,14,9,14,13,11,11,9,8,12,15,15,14,13,11,13,18,23,21,23,21,23,24,21,20,22,17,18,21,23,17,17,16,19,19,21,29,24,21,20,24,27,26,28,30,34,32,30,27,30,28,24,21,19,19,21,21,20,20,19,19,18,19,19,24,22,20,22,21,26,23,26,27,28,28,26,24,29,27,28,28,24,25,29,24,24,24,26,26,23,25,24,32,28,31,30,35,27,21,20,23,25,26,28,29,20,20,6,3,3,5,10,3,7,6,3,6,10,7,10,5,1,3,7,14,8,21,9,22,19,32,16,15,16,14,19,24,14,19,28,16,27,"fitness_wellness, sports, retail","fitness_wellness, sports, fashion","fitness_wellness, health_med, retail","fitness_wellness, sports, beauty","fitness_wellness, beauty, sports","fitness_wellness, education, retail","retail, fitness_wellness, profsvcs","fitness_wellness, retail, health_med","fitness_wellness, homesvcs, health_med","fitness_wellness, homesvcs, beauty","fitness_wellness, sports, beauty","fitness_wellness, sports, homesvcs","fitness_wellness, sports, health_med","fitness_wellness, sports, health_med","fitness_wellness, sports, homesvcs","health_med, fitness_wellness, homesvcs","health_med, fitness_wellness, homesvcs","health_med, fitness_wellness, sports","restaurant, sports, health_med","sports, health_med, beauty","restaurant, sports, beauty","restaurant, sports, beauty","music, health_med, sports","music, fashion, health_med","music, sports, beauty","sports, beauty, retail","music, fashion, sports","sports, music, beauty","sports, beauty, retail","sports, retail, beauty","retail, beauty, sports","beauty, retail, sports","beauty, retail, sports","music, retail, beauty","retail, beauty, sports","music, sports, retail","sports, beauty, retail","fitness_wellness, retail, sports","retail, beauty, sports","homedecor, retail, beauty","music, sports, retail","music, fitness_wellness, retail","fashion, music, retail","sports, retail, beauty","retail, sports, beauty","music, retail, health_med","music, retail, sports","retail, beauty, health_med","music, retail, beauty","retail, beauty, health_med"
35,New Mexico,NM,48,45,48,47,46,45,46,46,42,48,37,40,44,36,36,42,38,45,41,43,40,40,47,42,32,41,37,36,39,44,43,46,48,51,49,44,46,45,41,40,36,40,31,31,22,27,24,29,30,26,34,40,31,30,40,43,36,40,29,38,26,33,41,45,45,35,40,40,38,42,43,43,45,43,38,42,40,35,38,38,44,46,46,46,46,39,37,44,43,41,40,45,44,45,43,42,44,44,44,46,45,40,49,49,46,50,50,48,42,49,49,47,50,49,49,44,40,48,48,46,47,49,49,48,44,48,45,45,12,48,44,47,48,50,48,50,48,48,47,46,48,49,47,48,42,47,46,46,49,45,"charity_or_pol, education, sports","retail, beauty, fashion","beauty, retail, artdesign","hobby, beauty, retail","education, fashion, retail","beauty, hobby, fashion","fashion, beauty, retail","education, fashion, fooddrink","fitness_wellness, fooddrink, education","fitness_wellness, fooddrink, retail","health_med, retail, fooddrink","health_med, retail, fooddrink","charity_or_pol, fashion, health_med","charity_or_pol, fashion, beauty","health_med, charity_or_pol, fitness_wellness","fooddrink, fashion, retail","fooddrink, software_it, charity_or_pol","fooddrink, charity_or_pol, software_it","fooddrink, charity_or_pol, retail","software_it, fooddrink, fitness_wellness","fooddrink, beauty, retail","fooddrink, artdesign, retail","fooddrink, fashion, charity_or_pol","fooddrink, homesvcs, retail","beauty, fooddrink, artdesign","fooddrink, beauty, education","fooddrink, artdesign, beauty","fooddrink, artdesign, beauty","fooddrink, education, artdesign","fooddrink, artdesign, retail","fitness_wellness, fooddrink, health_med","fooddrink, fitness_wellness, education","fooddrink, beauty, charity_or_pol","fooddrink, financial, beauty","education, financial, fooddrink","hobby, education, financial","fooddrink, artdesign, profsvcs","fooddrink, artdesign, financial","beauty, fooddrink, artdesign","beauty, fooddrink, retail","fooddrink, beauty, artdesign","beauty, financial, fooddrink","beauty, profsvcs, fooddrink","beauty, fooddrink, homedecor","beauty, profsvcs, fooddrink","beauty, education, fooddrink","beauty, artdesign, education","beauty, fooddrink, artdesign","beauty, retail, fooddrink","beauty, fooddrink, retail"
36,New York,NY,39,36,41,37,32,42,28,29,33,35,35,36,34,32,32,41,32,25,24,29,30,28,38,35,40,38,40,40,30,27,37,34,34,38,39,38,33,38,35,36,29,38,35,34,38,32,38,38,37,36,38,42,42,42,39,40,40,44,47,35,35,32,32,28,28,29,29,28,27,26,27,27,31,34,31,34,32,32,31,31,31,34,35,36,37,40,41,42,42,44,39,42,41,43,44,41,42,43,45,45,28,26,20,31,28,19,17,22,25,6,9,8,6,8,8,16,13,17,10,2,6,10,8,11,16,9,9,5,10,12,11,12,6,9,7,22,9,6,4,1,3,5,5,8,10,2,9,5,1,5,"fashion, health_med, auto","fashion, health_med, beauty","fashion, retail, beauty","fashion, retail, beauty","fashion, beauty, retail","fashion, beauty, health_med","auto, fashion, personalsvcs","health_med, retail, fashion","retail, software_it, auto","software_it, law, fashion","software_it, beauty, fashion","beauty, fashion, retail","pets, health_med, beauty","fashion, pets, beauty","profsvcs, beauty, fashion","beauty, profsvcs, fashion","health_med, beauty, hobby","beauty, health_med, auto","health_med, profsvcs, beauty","education, beauty, profsvcs","marketing, health_med, hobby","health_med, hobby, beauty","beauty, health_med, auto","auto, health_med, fashion","auto, hobby, health_med","auto, health_med, fashion","auto, homedecor, profsvcs","auto, profsvcs, homesvcs","auto, fashion, profsvcs","profsvcs, retail, health_med","education, profsvcs, beauty","education, writing, auto","writing, auto, profsvcs","profsvcs, auto, retail","personal, auto, beauty","auto, education, beauty","retail, auto, fashion","retail, auto, hobby","personal, retail, auto","personal, retail, hobby","personal, retail, auto","education, auto, retail","education, retail, auto","auto, education, retail","education, auto, retail","transportation, auto, retail","auto, hobby, sports","hobby, auto, health_med","homedecor, health_med, auto","retail, hobby, auto"
37,North Carolina,NC,18,18,19,20,26,30,32,30,35,9,25,25,18,23,23,15,23,26,34,24,21,22,26,26,28,26,24,33,40,39,34,24,23,33,37,36,34,35,36,30,39,35,30,29,30,26,26,26,26,25,14,16,15,16,18,16,16,15,15,12,13,13,13,13,13,14,13,13,12,12,13,13,13,13,12,12,12,13,14,15,15,14,13,15,11,12,11,11,12,13,15,12,14,13,15,13,15,14,14,14,31,35,35,32,37,31,43,37,34,42,43,36,37,38,38,41,39,13,3,5,7,15,18,9,1,29,17,20,44,45,43,45,45,43,42,43,40,42,44,40,44,40,40,38,40,40,43,30,40,39,"events, fashion, beauty","events, fashion, beauty","fashion, beauty, retail","retail, fashion, beauty","fashion, beauty, retail","performer, fashion, beauty","beauty, fashion, health_med","beauty, health_med, fashion","construction, realestate, homedecor","beauty, homedecor, restaurant","beauty, fashion, homedecor","beauty, artdesign, hobby","beauty, fashion, homedecor","beauty, fashion, retail","beauty, fashion, hobby","beauty, fashion, health_med","health_med, beauty, fashion","homesvcs, beauty, health_med","homesvcs, beauty, fashion","homesvcs, beauty, fashion","homesvcs, beauty, fashion","homesvcs, beauty, fashion","homesvcs, beauty, fashion","homesvcs, beauty, health_med","homesvcs, beauty, fashion","homesvcs, beauty, fashion","homesvcs, beauty, fashion","homesvcs, beauty, fashion","beauty, fashion, health_med","beauty, fashion, sports","beauty, fashion, sports","beauty, fashion, sports","beauty, fashion, health_med","beauty, fashion, sports","beauty, homesvcs, hobby","beauty, events, fashion","beauty, sports, homesvcs","beauty, fashion, homesvcs","beauty, homesvcs, fashion","beauty, fashion, retail","beauty, fashion, health_med","beauty, health_med, fashion","beauty, retail, fashion","beauty, retail, auto","beauty, retail, travel","beauty, travel, fashion","beauty, travel, auto","beauty, hobby, travel","beauty, charity_or_pol, hobby","beauty, fashion, hobby"
38,North Dakota,ND,51,47,37,25,51,50,50,51,50,51,51,51,51,47,47,51,51,44,50,46,49,51,51,46,15,13,7,2,1,1,1,2,5,4,2,12,43,31,44,47,49,47,44,36,43,45,41,22,34,40,50,50,49,50,50,50,49,50,45,49,50,50,51,51,51,50,51,50,50,49,51,50,50,49,50,50,51,50,49,49,49,50,48,49,50,50,46,47,46,46,47,49,50,47,49,47,50,48,46,48,50,49,44,33,48,45,42,51,48,48,50,48,45,48,48,12,25,49,49,45,48,47,50,45,40,39,31,37,29,20,20,25,22,17,35,44,42,45,51,48,51,48,49,49,48,42,44,39,46,47,"industrial, fashion, beauty","fashion, industrial, retail","fashion, retail, sports","retail, fashion, sports","travel, hobby, retail","education, events, fashion","events, retail, fashion","fashion, events, fitness_wellness","sports, retail, agriculture","retail, agriculture, sports","retail, pets, industrial","retail, pets, sports","pets, retail, sports","charity_or_pol, retail, pets","retail, pets, charity_or_pol","retail, pets, sports","pets, retail, sports","retail, pets, sports","retail, sports, pets","retail, sports, agriculture","retail, sports, pets","software_it, pets, retail","retail, fitness_wellness, industrial","retail, sports, pets","retail, sports, fashion","retail, sports, fashion","retail, sports, travel","retail, sports, artdesign","sports, retail, pets","sports, retail, fashion","sports, retail, pets","sports, retail, agriculture","sports, retail, pets","sports, retail, health_med","sports, retail, health_med","sports, retail, health_med","retail, sports, health_med","fashion, retail, pets","retail, pets, health_med","retail, fashion, artdesign","retail, sports, health_med","retail, health_med, homesvcs","retail, health_med, agriculture","retail, pets, sports","retail, sports, pets","fitness_wellness, retail, pets","retail, homesvcs, health_med","retail, sports, pets","sports, retail, fashion","retail, homesvcs, pets"
39,Ohio,OH,12,14,11,13,19,11,12,7,5,11,10,11,8,10,10,4,5,9,14,17,22,21,24,28,35,36,36,30,41,35,30,32,30,37,35,34,31,39,32,41,42,36,32,35,35,34,42,42,41,38,36,33,35,37,35,32,35,35,32,34,36,34,34,33,33,32,34,32,34,31,33,34,32,31,30,30,30,31,33,33,29,30,30,33,35,36,34,34,36,40,37,37,38,34,37,37,35,34,35,36,11,11,17,17,13,7,11,15,2,10,5,9,8,9,9,7,8,7,8,6,12,11,13,12,18,17,15,14,20,17,16,17,16,15,18,14,17,20,24,25,5,34,27,29,30,30,33,27,35,38,"fashion, retail, beauty","fashion, retail, homesvcs","fashion, retail, homesvcs","fashion, retail, homesvcs","fashion, beauty, homesvcs","fashion, homesvcs, beauty","fashion, homesvcs, health_med","homesvcs, beauty, health_med","homesvcs, retail, fashion","homesvcs, fashion, restaurant","retail, homesvcs, fashion","homesvcs, fashion, restaurant","homesvcs, fashion, restaurant","homesvcs, fashion, restaurant","homesvcs, fashion, restaurant","software_it, homesvcs, fashion","fashion, software_it, sports","homesvcs, software_it, fashion","homesvcs, fashion, restaurant","fashion, homesvcs, beauty","fashion, homesvcs, beauty","fashion, homesvcs, auto","fashion, homesvcs, retail","retail, fashion, homesvcs","fashion, homesvcs, sports","fashion, homesvcs, sports","fashion, homesvcs, sports","fashion, homesvcs, restaurant","fashion, homesvcs, restaurant","fashion, homesvcs, sports","fashion, homesvcs, auto","fashion, homesvcs, auto","fashion, homesvcs, auto","fashion, homesvcs, auto","fashion, homesvcs, auto","retail, fashion, auto","fashion, homesvcs, auto","fashion, homesvcs, auto","fashion, auto, homesvcs","fashion, auto, homesvcs","fashion, auto, restaurant","fashion, auto, homesvcs","fashion, auto, homesvcs","fashion, auto, beauty","fashion, auto, beauty","fashion, auto, retail","fashion, retail, auto","retail, fashion, auto","fashion, auto, retail","fashion, auto, beauty"
40,Oklahoma,OK,21,32,35,32,42,40,35,36,44,28,33,46,47,50,50,48,50,50,46,42,42,43,42,44,44,46,47,43,46,40,48,43,44,46,44,39,44,42,34,37,24,43,39,46,32,41,40,39,27,16,30,32,34,32,37,35,34,38,37,46,45,44,42,41,41,47,46,47,47,44,47,46,47,46,48,45,44,46,41,45,46,45,47,41,43,35,31,36,35,35,34,36,33,32,36,34,33,30,34,33,35,37,34,35,34,33,35,33,37,39,45,44,48,46,46,40,49,46,43,34,45,44,48,50,47,46,47,47,49,46,49,46,46,38,46,47,49,47,37,45,41,46,48,47,35,46,47,44,44,36,"retail, auto, fitness_wellness","retail, auto, health_med","retail, agriculture, health_med","retail, auto, health_med","health_med, retail, auto","health_med, retail, fitness_wellness","retail, health_med, auto","health_med, retail, auto","retail, health_med, auto","retail, auto, health_med","retail, health_med, auto","auto, retail, health_med","auto, retail, fitness_wellness","auto, retail, fitness_wellness","auto, retail, fitness_wellness","auto, realestate, fitness_wellness","auto, fitness_wellness, retail","auto, retail, fitness_wellness","health_med, auto, retail","auto, retail, hobby","auto, fitness_wellness, retail","health_med, auto, fitness_wellness","auto, retail, fitness_wellness","auto, retail, fitness_wellness","health_med, auto, retail","health_med, auto, retail","auto, health_med, retail","auto, health_med, fitness_wellness","auto, health_med, fitness_wellness","auto, outdoors, health_med","auto, outdoors, retail","auto, retail, health_med","auto, retail, health_med","auto, fooddrink, retail","outdoors, auto, retail","outdoors, auto, retail","outdoors, auto, retail","outdoors, auto, retail","health_med, auto, retail","auto, retail, fitness_wellness","pets, auto, retail","auto, pets, retail","auto, pets, retail","auto, retail, pets","pets, retail, auto","pets, auto, retail","auto, pets, retail","health_med, auto, pets","auto, pets, retail","health_med, auto, retail"
41,Oregon,OR,15,12,12,14,14,16,23,17,18,24,29,27,25,22,22,21,16,20,30,22,17,17,17,15,16,21,14,16,15,15,14,10,9,8,8,5,6,4,4,5,5,7,7,7,8,9,8,8,10,7,18,20,21,20,21,18,18,21,26,28,34,35,28,31,31,24,23,23,33,28,31,31,29,25,23,25,24,22,20,18,23,20,19,18,19,20,22,20,18,16,18,22,18,21,17,18,18,18,22,20,33,27,26,25,5,32,34,28,24,27,28,27,31,32,32,28,30,30,30,27,25,30,27,25,33,31,26,28,26,22,23,23,19,22,20,18,12,14,14,12,16,18,15,14,12,12,18,15,21,23,"health_med, fashion, beauty","health_med, fashion, beauty","health_med, fashion, beauty","health_med, retail, fashion","retail, fooddrink, health_med","health_med, fashion, retail","health_med, fashion, charity_or_pol","health_med, restaurant, fashion","hobby, health_med, charity_or_pol","health_med, retail, auto","health_med, charity_or_pol, fashion","health_med, sports, fashion","health_med, fashion, sports","health_med, sports, fashion","fashion, health_med, agriculture","health_med, homesvcs, beauty","health_med, fashion, auto","health_med, sports, travel","health_med, auto, sports","health_med, sports, auto","health_med, charity_or_pol, sports","health_med, charity_or_pol, sports","health_med, sports, travel","health_med, sports, auto","health_med, auto, beauty","health_med, travel, homesvcs","health_med, auto, travel","health_med, sports, auto","health_med, homesvcs, sports","health_med, sports, auto","health_med, auto, sports","health_med, auto, sports","health_med, sports, auto","health_med, sports, auto","health_med, auto, sports","health_med, auto, sports","auto, health_med, sports","health_med, auto, sports","health_med, sports, auto","health_med, sports, auto","health_med, sports, auto","health_med, sports, auto","health_med, sports, auto","profsvcs, health_med, sports","profsvcs, health_med, fooddrink","profsvcs, health_med, auto","profsvcs, health_med, auto","health_med, profsvcs, auto","profsvcs, health_med, sports","health_med, sports, retail"
42,Pennsylvania,PA,41,31,31,34,31,33,40,42,28,31,31,33,31,29,29,26,34,27,26,26,29,30,35,36,39,34,28,27,37,10,22,25,37,35,33,29,29,26,23,24,27,22,22,22,21,20,17,12,16,10,45,46,45,46,46,45,45,43,41,36,40,37,37,34,34,31,33,35,31,34,35,35,36,35,33,35,35,36,36,37,36,37,37,39,38,42,42,41,37,39,38,39,40,42,41,39,38,40,40,37,34,31,36,36,19,36,37,44,35,41,33,35,38,30,30,42,38,41,42,33,30,32,17,36,27,24,22,22,35,42,39,41,39,37,34,33,8,8,42,28,39,33,32,15,14,20,24,12,22,9,"industrial, retail, pets","industrial, hobby, beauty","industrial, beauty, retail","health_med, industrial, retail","industrial, travel, retail","industrial, hobby, retail","industrial, beauty, retail","retail, beauty, industrial","fashion, industrial, retail","retail, industrial, fooddrink","profsvcs, retail, fashion","profsvcs, industrial, retail","industrial, profsvcs, fashion","industrial, retail, beauty","retail, industrial, beauty","industrial, beauty, retail","health_med, industrial, fooddrink","health_med, industrial, beauty","industrial, health_med, beauty","travel, beauty, industrial","travel, industrial, beauty","beauty, health_med, industrial","travel, industrial, beauty","travel, industrial, health_med","travel, industrial, education","travel, industrial, beauty","travel, industrial, beauty","travel, industrial, consulting","travel, industrial, beauty","industrial, health_med, beauty","industrial, health_med, beauty","industrial, health_med, beauty","health_med, industrial, beauty","consulting, health_med, industrial","health_med, industrial, beauty","health_med, industrial, beauty","construction, business, health_med","construction, industrial, health_med","industrial, health_med, fashion","travel, industrial, health_med","health_med, industrial, fashion","travel, industrial, health_med","travel, industrial, health_med","travel, construction, fashion","travel, industrial, health_med","travel, industrial, health_med","travel, industrial, fitness_wellness","travel, industrial, health_med","travel, industrial, health_med","events, travel, industrial"
44,Rhode Island,RI,25,20,15,30,18,18,24,43,21,30,48,49,48,44,44,32,27,31,29,38,44,49,48,47,47,35,29,41,24,13,20,33,39,40,40,41,45,49,45,45,43,41,37,38,45,37,45,43,43,47,24,18,19,19,16,22,31,27,31,26,30,31,26,35,35,34,25,24,22,22,29,21,27,30,32,21,34,23,21,21,20,19,23,24,23,24,19,26,21,23,21,27,29,26,25,22,19,27,37,30,49,42,43,43,38,49,48,47,28,32,42,45,46,42,42,39,41,40,41,42,41,46,46,46,49,43,41,42,38,37,31,35,43,46,37,49,50,51,49,49,37,45,44,46,44,49,48,47,48,49,"homesvcs, fashion, fitness_wellness","homesvcs, fashion, fitness_wellness","fashion, homesvcs, fitness_wellness","homesvcs, retail, fashion","retail, homesvcs, fooddrink","homesvcs, retail, fitness_wellness","homesvcs, auto, health_med","auto, homesvcs, restaurant","homesvcs, auto, events","events, photography, auto","events, auto, photography","auto, photography, events","auto, photography, homesvcs","photography, auto, homesvcs","photography, auto, fashion","photography, auto, retail","auto, retail, photography","photography, auto, sports","auto, photography, sports","auto, photography, fitness_wellness","auto, photography, sports","auto, photography, fitness_wellness","auto, photography, fitness_wellness","auto, photography, fitness_wellness","auto, photography, retail","auto, photography, fashion","auto, photography, fashion","auto, photography, retail","auto, photography, sports","sports, auto, photography","sports, auto, photography","auto, sports, photography","auto, retail, beauty","auto, retail, photography","auto, health_med, photography","auto, photography, retail","auto, photography, education","auto, retail, photography","auto, photography, retail","auto, retail, photography","sports, retail, auto","sports, auto, photography","sports, auto, photography","sports, auto, photography","auto, photography, sports","auto, hobby, health_med","auto, hobby, health_med","auto, hobby, retail","hobby, auto, retail","auto, hobby, retail"
45,South Carolina,SC,43,41,21,27,21,24,38,32,46,43,32,30,28,27,27,28,33,28,21,23,28,31,37,39,36,39,39,29,31,34,31,29,33,25,20,16,18,33,25,27,20,24,28,19,19,23,16,19,29,23,22,19,16,18,17,14,14,13,14,11,11,12,12,12,12,11,15,12,11,11,12,12,11,11,11,10,11,11,11,10,10,11,11,11,10,11,13,12,16,12,14,9,10,10,13,11,11,11,12,13,46,48,46,44,41,42,46,42,45,7,8,21,40,31,31,38,18,38,39,35,38,43,40,40,41,45,44,40,43,41,41,40,38,36,25,27,20,41,36,39,31,24,25,23,22,22,21,26,26,22,"homesvcs, fashion, beauty","homesvcs, fashion, health_med","sports, homesvcs, beauty","beauty, education, fashion","homesvcs, beauty, fashion","sports, beauty, homesvcs","beauty, hobby, health_med","homesvcs, beauty, fashion","auto, homesvcs, agriculture","auto, beauty, hobby","auto, beauty, health_med","auto, beauty, health_med","auto, beauty, health_med","auto, beauty, health_med","health_med, beauty, auto","health_med, beauty, auto","health_med, beauty, auto","beauty, health_med, auto","auto, beauty, health_med","auto, beauty, health_med","auto, beauty, health_med","auto, beauty, health_med","auto, beauty, health_med","auto, beauty, health_med","health_med, auto, beauty","beauty, health_med, auto","beauty, health_med, homedecor","beauty, health_med, auto","beauty, homesvcs, auto","beauty, sports, health_med","beauty, auto, health_med","beauty, auto, retail","beauty, auto, retail","beauty, auto, health_med","auto, beauty, homedecor","auto, beauty, homesvcs","homedecor, beauty, auto","beauty, auto, hobby","homedecor, hobby, beauty","beauty, hobby, retail","beauty, hobby, retail","beauty, hobby, sports","beauty, hobby, fitness_wellness","beauty, auto, hobby","beauty, hobby, health_med","beauty, health_med, auto","auto, beauty, health_med","auto, health_med, beauty","health_med, beauty, auto","health_med, homedecor, beauty"
46,South Dakota,SD,24,13,38,45,36,39,39,10,1,3,26,50,29,30,30,44,46,43,49,48,50,46,44,51,49,49,51,46,19,45,46,49,45,36,45,47,38,44,47,44,45,48,51,50,51,50,50,50,50,51,31,26,27,27,23,25,26,23,22,39,33,45,47,46,46,45,36,39,44,47,45,49,41,48,46,47,45,45,37,46,42,47,40,37,39,34,36,32,32,32,35,31,31,37,32,46,43,32,29,43,27,47,45,47,43,47,40,34,9,23,39,51,39,45,45,47,5,47,6,49,46,1,47,4,7,49,49,44,23,49,48,48,47,45,47,40,39,43,38,38,40,43,35,50,50,50,50,50,50,51,"auto, retail, outdoors","fashion, outdoors, hobby","fashion, outdoors, hobby","outdoors, retail, sports","outdoors, fashion, hobby","outdoors, auto, sports","outdoors, marketing, homesvcs","homesvcs, fashion, outdoors","fashion, sports, restaurant","sports, agriculture, homesvcs","sports, transportation, hobby","hobby, artdesign, sports","fitness_wellness, sports, hobby","fitness_wellness, hobby, fashion","fitness_wellness, fashion, hobby","fashion, hobby, industrial","industrial, restaurant, sports","auto, hobby, fashion","auto, hobby, fashion","auto, hobby, fashion","auto, agriculture, industrial","hobby, agriculture, retail","retail, agriculture, personalsvcs","hobby, fashion, auto","hobby, fashion, industrial","fashion, hobby, restaurant","hobby, retail, auto","fashion, hobby, industrial","hobby, industrial, fashion","auto, health_med, industrial","sports, industrial, fashion","auto, industrial, health_med","retail, personalsvcs, fashion","hobby, retail, personalsvcs","industrial, hobby, personalsvcs","industrial, fashion, hobby","fashion, industrial, hobby","industrial, fashion, personalsvcs","fashion, industrial, sports","fashion, industrial, outdoors","outdoors, fashion, industrial","fashion, industrial, outdoors","auto, industrial, personalsvcs","outdoors, industrial, auto","outdoors, industrial, retail","industrial, outdoors, fashion","outdoors, personalsvcs, fashion","fashion, industrial, health_med","industrial, fashion, health_med","industrial, outdoors, auto"
47,Tennessee,TN,36,34,30,42,39,43,37,31,32,37,27,16,32,38,38,46,43,36,42,39,39,38,32,31,31,27,26,31,34,30,21,23,27,30,24,21,17,18,14,21,25,27,24,16,12,12,14,15,15,14,28,24,20,22,26,26,23,25,24,21,22,23,22,23,23,28,31,26,24,25,24,26,22,19,21,20,22,25,24,20,21,21,22,20,21,21,20,21,19,20,23,23,23,20,23,23,24,21,21,23,44,44,47,48,47,46,38,41,41,40,36,32,44,43,43,49,44,27,44,44,44,45,44,42,42,38,35,39,42,36,28,32,33,40,39,36,32,35,35,41,43,28,31,28,8,31,34,41,32,28,"health_med, auto, beauty","auto, health_med, beauty","outdoors, health_med, auto","auto, beauty, health_med","health_med, auto, beauty","health_med, auto, beauty","health_med, auto, beauty","health_med, restaurant, auto","auto, health_med, beauty","auto, beauty, health_med","auto, beauty, health_med","beauty, auto, health_med","auto, health_med, fashion","auto, health_med, outdoors","auto, outdoors, beauty","auto, beauty, fashion","auto, fashion, beauty","hobby, auto, health_med","auto, hobby, health_med","auto, health_med, beauty","auto, health_med, beauty","health_med, auto, beauty","health_med, auto, beauty","health_med, auto, beauty","auto, health_med, beauty","health_med, auto, beauty","health_med, auto, outdoors","auto, health_med, beauty","auto, health_med, beauty","health_med, auto, sports","fashion, auto, health_med","auto, health_med, beauty","auto, health_med, beauty","auto, health_med, beauty","auto, health_med, beauty","auto, health_med, beauty","auto, health_med, events","auto, health_med, outdoors","outdoors, health_med, auto","auto, health_med, beauty","auto, health_med, sports","fooddrink, auto, health_med","fooddrink, auto, health_med","auto, health_med, fooddrink","auto, retail, health_med","auto, health_med, retail","auto, health_med, construction","auto, health_med, construction","auto, events, health_med","events, auto, health_med"
48,Texas,TX,9,6,9,11,13,8,9,13,14,12,15,13,12,13,13,13,17,15,19,14,13,12,13,11,8,9,9,11,14,11,12,12,12,11,12,11,12,9,10,10,13,14,14,15,14,15,19,16,17,15,13,15,17,17,15,15,13,14,17,15,14,14,14,14,14,15,17,16,16,15,15,15,15,14,15,13,13,15,15,14,12,13,14,13,12,13,12,14,13,17,16,13,15,16,14,14,14,15,16,16,17,20,16,26,25,18,22,18,12,20,27,20,23,26,26,21,17,14,7,13,13,17,9,21,19,21,12,8,4,8,4,3,2,2,3,1,2,3,3,4,2,2,2,1,1,3,4,1,2,2,"fashion, retail, health_med","fashion, fooddrink, health_med","fooddrink, fashion, health_med","fashion, health_med, beauty","fashion, health_med, beauty","health_med, fashion, retail","health_med, fashion, beauty","retail, fooddrink, fashion","fashion, fooddrink, retail","fashion, beauty, retail","fashion, beauty, health_med","fashion, health_med, beauty","fashion, beauty, health_med","fashion, beauty, health_med","fashion, beauty, health_med","fashion, health_med, beauty","fashion, health_med, beauty","health_med, fashion, beauty","fashion, beauty, health_med","beauty, fashion, auto","fashion, beauty, health_med","fashion, beauty, health_med","health_med, fashion, beauty","health_med, beauty, fashion","health_med, fashion, beauty","health_med, fashion, beauty","health_med, fashion, beauty","health_med, fashion, beauty","fashion, beauty, health_med","health_med, fashion, beauty","fashion, health_med, beauty","fashion, health_med, personalsvcs","fashion, personalsvcs, health_med","fashion, health_med, beauty","fashion, beauty, personalsvcs","fashion, beauty, health_med","fashion, beauty, health_med","fashion, beauty, health_med","fashion, beauty, events","fashion, beauty, health_med","fashion, beauty, homedecor","fashion, beauty, homedecor","fashion, beauty, health_med","fashion, beauty, health_med","fashion, beauty, outdoors","fashion, beauty, homedecor","fashion, beauty, health_med","fashion, beauty, fitness_wellness","fashion, beauty, events","fashion, beauty, health_med"
49,Utah,UT,11,17,13,10,8,12,20,23,31,42,49,47,46,45,45,30,41,39,16,27,20,37,10,16,21,22,35,7,9,20,10,26,16,12,31,32,26,15,19,15,7,16,15,23,27,17,20,24,23,28,25,25,25,26,30,28,32,31,38,47,41,46,45,40,40,41,45,44,43,45,40,41,40,37,39,39,39,34,40,35,37,31,32,30,31,26,28,24,24,26,26,24,22,23,20,21,23,22,20,21,26,24,19,11,16,22,23,24,27,33,44,46,47,44,44,43,46,42,32,41,35,40,37,27,37,37,40,21,25,24,25,34,20,20,38,32,34,28,29,31,24,21,22,30,33,21,27,22,24,19,"restaurant, retail, sports","sports, retail, auto","retail, sports, restaurant","retail, sports, restaurant","sports, education, retail","retail, auto, sports","education, fashion, hobby","sports, education, hobby","hobby, sports, fashion","sports, hobby, fashion","sports, hobby, fashion","hobby, sports, fashion","sports, hobby, fashion","hobby, sports, fashion","software_it, hobby, sports","hobby, sports, retail","sports, hobby, fooddrink","sports, fashion, fooddrink","hobby, sports, fooddrink","sports, hobby, retail","education, sports, hobby","sports, hobby, education","hobby, fooddrink, sports","restaurant, hobby, sports","fooddrink, hobby, sports","hobby, sports, education","sports, hobby, fooddrink","hobby, sports, retail","sports, fooddrink, retail","sports, fooddrink, hobby","hobby, sports, fashion","sports, hobby, fashion","sports, education, hobby","sports, hobby, media","sports, fashion, hobby","sports, health_med, education","sports, fashion, education","hobby, sports, health_med","sports, hobby, health_med","sports, retail, fashion","sports, retail, health_med","sports, health_med, hobby","hobby, sports, health_med","fitness_wellness, sports, health_med","education, sports, health_med","sports, fitness_wellness, health_med","retail, sports, health_med","personal, health_med, sports","sports, health_med, education","hobby, health_med, retail"
50,Vermont,VT,33,29,34,43,22,20,15,8,8,23,23,32,43,35,35,19,10,24,28,18,15,24,30,18,10,10,11,9,6,3,4,5,8,5,5,2,3,2,2,2,2,2,2,2,7,4,5,3,3,2,7,8,7,7,7,8,7,7,5,10,10,10,8,10,10,5,5,9,10,9,10,10,9,8,9,8,6,5,8,8,7,9,5,4,4,7,4,6,5,4,6,4,6,5,4,8,6,6,4,5,30,21,24,34,17,30,20,16,5,3,7,4,3,22,22,1,2,5,17,14,16,8,4,29,25,6,6,7,21,6,12,2,1,6,2,2,1,5,1,2,6,15,28,25,17,1,20,25,9,7,"auto, education, pets","education, auto, health_med","education, auto, health_med","agriculture, auto, health_med","agriculture, auto, health_med","auto, agriculture, health_med","agriculture, auto, education","agriculture, auto, education","agriculture, health_med, personalsvcs","beauty, fitness_wellness, fashion","fitness_wellness, sports, music","fitness_wellness, sports, health_med","consulting, fitness_wellness, agriculture","agriculture, fashion, health_med","fashion, agriculture, music","agriculture, fashion, health_med","agriculture, fashion, health_med","hobby, agriculture, homesvcs","fitness_wellness, agriculture, fashion","agriculture, fitness_wellness, fashion","health_med, agriculture, sports","agriculture, retail, sports","marketing, health_med, sports","sports, hobby, beauty","agriculture, beauty, fashion","health_med, agriculture, beauty","auto, beauty, agriculture","retail, agriculture, beauty","agriculture, beauty, health_med","health_med, financial, beauty","agriculture, beauty, retail","auto, fitness_wellness, agriculture","auto, fitness_wellness, beauty","auto, fitness_wellness, beauty","auto, fitness_wellness, beauty","auto, beauty, agriculture","fitness_wellness, auto, agriculture","auto, agriculture, beauty","education, fitness_wellness, auto","fitness_wellness, health_med, agriculture","fitness_wellness, health_med, agriculture","health_med, agriculture, homesvcs","agriculture, health_med, homesvcs","agriculture, health_med, homesvcs","health_med, agriculture, sports","agriculture, health_med, homesvcs","health_med, beauty, agriculture","health_med, fashion, agriculture","fitness_wellness, agriculture, health_med","health_med, agriculture, fashion"
51,Virginia,VA,20,33,22,22,25,23,22,28,39,29,12,17,14,17,17,20,26,22,20,21,18,16,19,14,20,18,15,24,20,17,18,15,14,10,18,14,13,19,15,22,21,26,23,26,24,22,28,35,32,32,19,23,24,24,24,24,21,19,19,17,17,16,15,15,15,18,16,15,15,16,16,17,17,15,17,15,17,20,17,17,17,17,18,17,18,15,15,19,22,22,24,20,19,22,22,19,20,19,19,22,4,4,4,6,6,1,2,1,11,13,2,2,1,1,1,2,1,1,1,4,29,23,19,16,29,34,36,36,32,33,19,28,21,1,1,29,14,2,2,37,29,32,26,17,28,11,28,2,15,13,"fashion, beauty, health_med","fashion, beauty, retail","fashion, retail, beauty","fashion, beauty, health_med","fashion, transportation, beauty","fashion, transportation, beauty","fashion, transportation, beauty","beauty, fashion, transportation","beauty, fashion, fitness_wellness","transportation, beauty, hobby","transportation, hobby, beauty","beauty, transportation, health_med","transportation, beauty, fashion","beauty, transportation, fashion","transportation, beauty, fashion","transportation, beauty, education","transportation, beauty, education","transportation, education, beauty","transportation, beauty, education","transportation, beauty, education","beauty, transportation, education","transportation, beauty, education","transportation, beauty, education","beauty, transportation, education","beauty, transportation, charity_or_pol","beauty, transportation, fitness_wellness","beauty, fitness_wellness, health_med","beauty, fashion, health_med","beauty, transportation, education","beauty, education, transportation","religion, beauty, education","beauty, charity_or_pol, education","religion, beauty, retail","beauty, retail, health_med","beauty, retail, health_med","beauty, retail, health_med","beauty, retail, charity_or_pol","beauty, retail, health_med","retail, beauty, media","beauty, retail, health_med","beauty, fooddrink, retail","retail, beauty, transportation","beauty, retail, transportation","beauty, retail, transportation","beauty, transportation, retail","personal, transportation, beauty","personal, beauty, transportation","fitness_wellness, transportation, beauty","fitness_wellness, transportation, beauty","fitness_wellness, transportation, media"
53,Washington,WA,27,30,33,36,30,25,31,38,47,39,36,42,37,41,41,49,48,46,44,41,43,39,46,40,41,43,43,44,44,42,41,41,41,42,36,33,37,30,30,42,30,21,18,20,17,16,11,10,12,8,42,36,39,35,36,36,33,36,40,37,39,43,43,37,37,38,39,37,37,37,37,38,38,39,35,38,33,37,35,34,34,36,33,31,30,30,32,33,33,34,41,34,34,39,35,32,34,33,31,31,42,39,42,46,45,38,44,43,47,50,48,50,49,50,50,51,50,50,50,50,49,48,45,47,11,13,48,48,45,43,42,42,41,44,44,24,36,33,41,43,47,39,39,43,41,39,38,38,41,30,"fashion, health_med, beauty","fashion, health_med, beauty","fashion, wedding, health_med","fashion, health_med, beauty","fashion, beauty, fooddrink","wedding, fashion, health_med","fashion, beauty, sports","beauty, fashion, fooddrink","fooddrink, agriculture, retail","fooddrink, retail, auto","beauty, fooddrink, retail","retail, beauty, fooddrink","beauty, retail, fooddrink","fooddrink, beauty, auto","beauty, fooddrink, homesvcs","fooddrink, beauty, auto","fooddrink, hobby, beauty","agriculture, fooddrink, beauty","fooddrink, beauty, fitness_wellness","beauty, health_med, auto","beauty, health_med, auto","beauty, fitness_wellness, health_med","beauty, fitness_wellness, health_med","fitness_wellness, beauty, health_med","fashion, beauty, health_med","beauty, auto, fitness_wellness","fitness_wellness, beauty, fashion","auto, industrial, beauty","fooddrink, beauty, fitness_wellness","fitness_wellness, fooddrink, beauty","beauty, fitness_wellness, fashion","fitness_wellness, beauty, health_med","fitness_wellness, beauty, auto","fitness_wellness, beauty, auto","fitness_wellness, auto, beauty","fitness_wellness, fashion, auto","fitness_wellness, beauty, fashion","fashion, fitness_wellness, homesvcs","fashion, fitness_wellness, beauty","fashion, beauty, auto","fitness_wellness, beauty, fooddrink","fitness_wellness, health_med, beauty","fitness_wellness, wedding, health_med","fitness_wellness, beauty, auto","fitness_wellness, auto, beauty","fitness_wellness, health_med, beauty","fitness_wellness, health_med, beauty","health_med, fitness_wellness, beauty","fitness_wellness, health_med, beauty","fitness_wellness, fashion, health_med"
54,West Virginia,WV,30,39,27,9,10,17,17,37,23,45,45,44,33,43,43,29,30,37,38,34,34,20,15,43,42,33,25,25,32,41,35,36,36,41,41,42,42,40,39,34,34,37,43,48,48,48,49,48,49,48,51,51,51,51,51,51,51,51,51,51,51,51,50,50,50,51,50,51,51,51,50,51,51,51,51,51,50,51,50,51,51,51,51,51,51,51,51,51,51,51,50,51,51,51,51,51,51,51,51,51,21,34,27,12,9,20,18,7,18,38,35,38,32,39,39,10,14,31,38,12,15,5,1,1,3,1,1,1,1,9,38,1,40,41,23,19,44,16,27,19,25,38,30,41,47,35,1,23,13,20,"fashion, media, artdesign","fashion, media, retail","fashion, retail, media","fashion, retail, construction","fashion, agriculture, artdesign","fashion, agriculture, events","fashion, homedecor, health_med","health_med, fashion, homedecor","fashion, health_med, hobby","fashion, beauty, hobby","fashion, artdesign, homesvcs","fashion, beauty, artdesign","fashion, beauty, artdesign","fashion, artdesign, beauty","profsvcs, fashion, beauty","fashion, profsvcs, artdesign","fashion, retail, beauty","fashion, agriculture, retail","fashion, retail, beauty","fashion, retail, construction","fashion, profsvcs, retail","retail, fashion, consulting","retail, consulting, fashion","retail, fashion, artdesign","retail, health_med, fashion","retail, fashion, marketing","retail, fashion, marketing","fashion, retail, marketing","retail, fashion, marketing","retail, fashion, artdesign","fashion, retail, marketing","retail, fashion, marketing","fashion, marketing, retail","fashion, marketing, education","agriculture, fashion, marketing","retail, profsvcs, fashion","fashion, hobby, beauty","profsvcs, fashion, hobby","fashion, industrial, hobby","fashion, homesvcs, hobby","fashion, agriculture, sports","fashion, artdesign, hobby","fashion, beauty, homesvcs","fashion, construction, marketing","fashion, construction, performer","software_it, fashion, performer","travel, health_med, fashion","fashion, travel, marketing","fashion, restaurant, beauty","fashion, retail, restaurant"
55,Wisconsin,WI,44,40,43,41,45,47,44,44,36,44,47,39,39,40,40,33,29,40,37,37,37,33,40,32,25,31,31,35,35,36,36,37,35,31,27,25,20,28,37,39,38,34,41,41,37,40,43,44,33,31,43,44,41,38,42,46,46,37,36,43,43,42,44,44,44,43,42,42,41,38,42,42,44,41,42,41,41,39,44,43,43,38,36,40,40,41,39,40,41,42,43,40,43,38,38,38,40,39,39,40,39,33,21,27,32,39,31,27,21,34,34,30,35,36,36,30,27,32,26,29,23,26,20,17,24,14,14,12,15,19,22,13,18,10,17,13,18,10,20,22,21,37,38,31,11,19,26,19,33,32,"auto, retail, hobby","auto, retail, hobby","performer, auto, retail","auto, performer, retail","auto, retail, fashion","auto, retail, beauty","auto, fashion, retail","auto, fashion, beauty","auto, fooddrink, health_med","auto, homesvcs, fashion","auto, transportation, fashion","auto, transportation, beauty","auto, transportation, beauty","auto, beauty, fashion","auto, performer, beauty","auto, fashion, beauty","auto, retail, beauty","auto, beauty, health_med","auto, health_med, beauty","auto, beauty, health_med","auto, beauty, charity_or_pol","auto, beauty, health_med","auto, fashion, beauty","auto, fashion, profsvcs","auto, beauty, health_med","auto, fashion, health_med","auto, fashion, performer","fashion, auto, beauty","fashion, auto, beauty","auto, beauty, fashion","auto, beauty, hobby","auto, beauty, health_med","auto, beauty, health_med","auto, fashion, beauty","auto, fashion, beauty","auto, fashion, events","auto, fashion, beauty","fashion, auto, beauty","auto, performer, fashion","auto, fashion, beauty","fashion, auto, beauty","auto, beauty, health_med","auto, retail, hobby","auto, profsvcs, beauty","fashion, auto, beauty","fashion, auto, beauty","auto, fashion, retail","fashion, auto, transportation","auto, hobby, beauty","auto, fashion, health_med"
56,Wyoming,WY,37,25,29,39,43,36,47,47,48,50,50,23,26,49,49,40,47,51,51,50,46,47,41,48,51,51,50,49,49,48,50,51,50,45,51,50,47,48,49,49,47,49,48,44,42,31,30,30,11,22,16,11,14,11,19,17,15,20,13,20,29,29,20,19,19,21,27,25,26,29,21,20,19,29,28,23,25,17,26,23,18,23,17,19,22,32,23,37,26,27,22,18,28,15,18,16,22,17,15,15,9,10,9,13,15,15,24,21,33,37,46,42,33,24,24,33,35,6,45,25,21,27,22,38,45,44,37,34,34,26,36,38,34,25,27,39,38,44,46,47,28,47,37,35,34,32,41,35,11,25,"fashion, events, retail","fashion, homesvcs, retail","fashion, events, homesvcs","fashion, homesvcs, events","fashion, homesvcs, events","fashion, auto, homesvcs","fashion, homesvcs, auto","fashion, auto, homesvcs","auto, retail, hobby","auto, hobby, retail","auto, music, retail","auto, music, retail","fashion, auto, music","auto, retail, fashion","auto, fashion, retail","auto, retail, fooddrink","auto, retail, sports","auto, pets, sports","auto, retail, sports","auto, business, sports","auto, business, music","auto, marketing, retail","auto, marketing, retail","auto, music, photography","auto, music, agriculture","auto, agriculture, pets","auto, business, hobby","auto, artdesign, business","auto, health_med, artdesign","auto, health_med, fooddrink","auto, health_med, artdesign","auto, artdesign, fashion","auto, business, agriculture","auto, charity_or_pol, agriculture","auto, agriculture, hobby","auto, industrial, agriculture","auto, agriculture, health_med","auto, agriculture, hobby","auto, agriculture, hobby","auto, agriculture, pets","pets, agriculture, retail","retail, agriculture, artdesign","health_med, agriculture, homesvcs","homesvcs, business, agriculture","agriculture, pets, business","software_it, homesvcs, charity_or_pol","pets, agriculture, hobby","fashion, agriculture, fooddrink","education, retail, agriculture","agriculture, fashion, health_med"
